UniProtID,BestPDBID(s),BestRfree
A0A003,6KV9,0.155
A0A011,3VKB,0.201
A0A022MQ12,6SJ4,0.221
A0A022MRT4,6SIW,0.27
A0A023H437,5FUK,0.191
A0A024B7W1,5MRK,0.283
A0A024E3Q2,,
A0A024S820,6I1T,0.227
A0A059PIQ0,7A85,0.358
A0A059PIR9,5YR3,0.313
A0A059WLS9,,
A0A059WZ16,5U08,0.198
A0A059ZPP5,6Y8S,0.196
A0A060GSX0,6BHL,0.164
A0A060GYS1,5WMS,0.28
A0A060GYS7,6BH7,0.241
A0A060GZX0,5WJ0,0.263
A0A060N399,,
A0A060SC37,,
A0A067Y7N7,4MWL,0.145
A0A067YX61,5T22,0.235
A0A072ZCW8,,
A0A074MDU6,6KEU,0.261
A0A075B5G8,4PLG,0.19
A0A075B5H0,,
A0A075B5H2,,
A0A075DN54,,
A0A077JI83,,
A0A087WNH6,,
A0A088T0J9,,
A0A093VKV7,5FB7,0.213
A0A094YZ24,6LOP,0.204
A0A094ZWQ2,6B53,0.254
A0A096P8D3,,
A0A0A0Q7Z8,6LC8,0.187
A0A0A0RCB5,6A2C,0.253
A0A0A0RDR2,6A3X,0.194
A0A0A1EQY0,"6D4B, 6D4C",0.174
A0A0A1GL90,6LCE,0.202
A0A0A1I7H6,,
A0A0A2ACP7,6RAR,0.384
A0A0A5P8W7,5K30,0.193
A0A0A7EQR3,6RU2,0.204
A0A0A7HR51,6TVC,0.248
A0A0B4WYC6,6DIS,0.248
A0A0D2ILK1,,
A0A0D5YC82,6MFM,0.225
A0A0D6GJV1,,
A0A0D6HIR7,,
A0A0E3LP72,,
A0A0E3QWH3,,
A0A0E3QYL7,,
A0A0E3URV8,5NCJ,0.193
A0A0E3W010,,
A0A0E4B1P1,,
A0A0E4G455,,
A0A0F6AY66,6IE9,0.219
A0A0F7G196,,
A0A0F7R5U8,6C5H,0.241
A0A0F8R9A0,,
A0A0G4DBU7,,
A0A0G4DCU0,,
A0A0H2UL03,4WF5,0.193
A0A0H2UR34,,
A0A0H2US34,2J1S,0.206
A0A0H2US73,,
A0A0H2US78,"6ORF, 6ORH",0.178
A0A0H2UXX1,2IA4,0.187
A0A0H2VD83,3IVE,0.17
A0A0H2WY27,5TX9,0.25
A0A0H2X0S3,,
A0A0H2XK72,6G12,0.281
A0A0H2YN38,5KDS,0.16
A0A0H2Z9F5,,
A0A0H2ZD27,,
A0A0H2ZE85,5A70,0.161
A0A0H3AER7,5YGG,0.267
A0A0H3ASL8,6RR3,0.209
A0A0H3C7V4,4CZH,0.239
A0A0H3FL22,,
A0A0H3FMF8,,
A0A0H3FPU4,,
A0A0H3FR62,,
A0A0H3FXS4,,
A0A0H3GJF7,7ESB,0.173
A0A0H3H219,6GTH,0.214
A0A0H3HP34,5I9L,0.243
A0A0H3JHT3,3TSU,0.251
A0A0H3JLH9,,
A0A0H3JNB0,,
A0A0H3JRN6,,
A0A0H3JT72,4PI9,0.189
A0A0H3JTP0,4C5L,0.28
A0A0H3K724,,
A0A0H3KB22,,
A0A0H3KNE7,,
A0A0H3LT39,,
A0A0H3MBV9,4QAT,0.222
A0A0H3XJK5,7E1C,0.21
A0A0H5BL38,,
A0A0H5BR52,6JHC,0.181
A0A0J7JFD7,6PID,0.27
A0A0J9WZA6,3PLR,0.164
A0A0J9WZF0,4HYM,0.267
A0A0J9X1Y2,,
A0A0K0XHU0,5HWG,0.206
A0A0K8P6T7,5XH3,0.139
A0A0M3KKW9,4DVV,0.249
A0A0N9XBU7,6JRB,0.159
A0A0P0QM28,,
A0A0Q2XKL6,,
A0A0Q3EUQ3,6MVS,0.187
A0A0R0IK90,6UXH,0.312
A0A0R4I973,4YKK,0.16
A0A0R4I985,,
A0A0R4IKJ1,6IRY,0.234
A0A0R6L508,6LI4,0.229
A0A0S2GKZ1,5ACG,0.206
A0A0S4TLR1,6STH,0.252
A0A0S4WQH1,7E7N,0.21
A0A0U3AGT1,6BFV,0.274
A0A0X1KHF5,,
A0A0Y0S9M3,6BKT,0.219
A0A125SA29,5UMY,0.206
A0A135VL07,7EZE,0.216
A0A140DJY3,5WM7,0.36
A0A140EH91,,
A0A140NCK4,,
A0A140NFI1,5LDP,0.212
A0A140UHM9,,
A0A146CJG7,5K8L,0.22
A0A159BDB5,,
A0A161XU12,,
A0A172U6X0,,
A0A174NUT3,,
A0A178EUH2,,
A0A179UH34,,
A0A182DW20,,
A0A193PKW5,,
A0A199VSS3,,
A0A1A9TAD0,,
A0A1A9TAK5,,
A0A1C5ADV9,,
A0A1C5AE13,,
A0A1C9V3S9,5E4M,0.198
A0A1D8PJF9,,
A0A1E1GJG5,6LAH,0.219
A0A1E3M3N6,6ZZQ,0.282
A0A1F8A906,7BQO,0.154
A0A1G4HIY1,,
A0A1J1JHR9,,
A0A1L9WG58,,
A0A1P6CBU1,7DP6,0.211
A0A1P8VSI6,5Z53,0.23
A0A1S2VYK0,,
A0A1S3THR8,4PSB,0.232
A0A1S4E5V9,,
A0A1S4FIB3,,
A0A1S4NYE5,5X1S,0.28
A0A1S9DK56,,
A0A1T3V7R2,,
A0A1U7N2Z8,,
A0A1U7Q1U3,6TPC,0.322
A0A1W2VMW5,,
A0A1X0ZT96,,
A0A1X8XLE9,6W9L,0.184
A0A1Y0K711,,
A0A1Y2TH07,,
A0A221ZS22,5Y29,0.195
A0A286RIX1,7BFV,0.255
A0A291L8F4,6Z79,0.279
A0A2D0TCJ6,5Y7F,0.187
A0A2D1CM82,6SBC,0.168
A0A2H4A2U9,6AYB,0.304
A0A2I0LZR8,6PU0,0.203
A0A2I1C3W8,7F11,0.208
A0A2R2JFI5,6QZZ,0.272
A0A2R2JFU6,5XRU,0.216
A0A2R4S913,6SU3,0.183
A0A2U2H3Y1,3N0Y,0.229
A0A2U8ZTY7,5XTT,0.22
A0A2Z5X7U3,,
A0A384E145,6F69,0.275
A0A3B6UEE9,5OMS,0.174
A0A3B6UEK8,,
A0A3B6UEU0,6ND7,0.206
A0A3B6UEU3,6DCH,0.208
A0A3B6UEU4,6FX2,0.194
A0A3G4ZNY6,,
A0A3Q0KFL1,6ZP3,0.208
A0A3Q0KSG2,6QQM,0.182
A0A3S7X0F5,6A8C,0.206
A0A3S7X3C0,6K90,0.213
A0A423U5Z1,6K7S,0.188
A0A452CSW8,6ZK8,0.252
A0A452E9Y6,6LF7,0.288
A0A482LWB1,6JM8,0.194
A0A485PVH1,,
A0A4P8EW36,6OGL,0.192
A0A4V8H042,6NPD,0.203
A0A4Y5JTU1,,
A0A4Y5R087,7DWE,0.227
A0A509GV09,,
A0A510NXC4,6KRL,0.176
A0A5K4ESD7,7AMH,0.269
A0A6B9HEB8,6ZBM,0.253
A0A6B9HEI0,,
A0A6G6IRK3,,
A0A6I7U6Y2,,
A0A6J4CX17,7FCB,0.151
A0A6L7HC45,,
A0A6L8P2U9,4MYA,0.19
A0A6L8PEJ7,,
A0A6N3BKT0,6TR3,0.209
A0A716TY65,,
A0A7H0DNF0,,
A0A7I8AV45,7DFQ,0.182
A0A7I9C8Z1,,
A0A7J6JUK2,7FAK,0.222
A0A7R9N4Z1,,
A0A7R9R6T0,,
A0A7R9R780,,
A0A8S0GSD4,,
A0A9W3L9M6,,
A0KGU9,5B7Q,0.174
A0LU48,5LRT,0.242
A0LU49,,
A0MK70,4XL8,0.172
A0N262,,
A0P0F0,,
A0PKT3,,
A0PQG8,6UWQ,0.171
A0QNE0,6ZT3,0.191
A0QTQ5,5IHP,0.227
A0QUZ2,5XD5,0.209
A0QVP7,7ED2,0.21
A0R066,,
A0R2B1,,
A0R2K6,"5ZRK, 5ZRH",0.192
A0R3G9,6C32,0.191
A0R560,,
A0R5M8,6FNS,0.214
A0R5M9,4ZFK,0.207
A0R629,,
A0R6D0,,
A1B198,4IZG,0.189
A1BB97,,
A1BBA0,,
A1E280,,
A1E8I9,6O08,0.222
A1HPQ5,,
A1ILL9,,
A1L259,,
A1RDF1,,
A1TH50,4WZY,0.205
A1YIY3,6X95,0.173
A2NHM3,3EYS,0.233
A2NU21,,
A2QHE5,6R2P,0.192
A2QS62,,
A2RJT9,1JRB,0.169
A2RLJ5,5MIS,0.246
A2V759,2EK9,0.188
A3CM52,5KIQ,0.215
A3DCJ4,,
A3DHG6,5LA0,0.175
A3DJ38,4QM6,0.223
A3DJX6,,
A3EYF7,,
A3FMN7,,
A3FQ16,3MWU,0.248
A3LT82,3TJL,0.162
A3MU08,3W6Z,0.16
A3N294,,
A3SLM3,,
A3T0D1,4NX1,0.212
A3UNN4,4XZJ,0.187
A4F1R4,4WHM,0.178
A4GRC7,5ECC,0.217
A4GYF9,6BKO,0.201
A4I093,,
A4PB64,,
A4QUT2,,
A4TVL0,6R11,0.246
A4X3Q0,6RZ2,0.195
A4XGA6,,
A4ZKM1,6FJO,0.157
A4ZPY8,4NTE,0.214
A5F5R2,4X24,0.163
A5F5Y3,,
A5H1I6,4CD6,0.23
A5H660,,
A5JTM5,,
A5K1A2,4CAE,0.253
A5K2B2,3M0N,0.229
A5K6T9,6YJE,0.25
A5K867,,
A5K8X6,4MGV,0.419
A5KE01,3EWD,0.237
A5TYT6,,
A5U4M0,4ZOJ,0.259
A5U6B6,6VV7,0.317
A5U9I4,5IP6,0.216
A5W4E9,3EF6,0.227
A5ZY13,,
A6BMJ3,,
A6NED2,6F4S,0.176
A6QDA0,5D87,0.159
A6T526,,
A6T5R0,6PH9,0.213
A6T9E8,3QVK,0.194
A6T9H1,3HNH,0.248
A6UVT1,,
A7ASX7,,
A7B557,6ER3,0.187
A7IQH5,4ITU,0.169
A7SLZ2,5CFM,0.193
A7TM80,,
A7V5T8,4Q5K,0.169
A7YCM0,,
A7YYL1,,
A7Z2A9,,
A8AWU7,6EFD,0.251
A8B2U2,2ISW,0.203
A8C927,3PB3,0.206
A8CFR3,6F9H,0.229
A8DG50,,
A8FFI9,5CTM,0.161
A8GFD6,4PTM,0.306
A8J8W0,6FN3,0.22
A8LP63,6GBA,0.247
A8M6W6,,
A8MJH2,4TR1,0.194
A8MW92,,
A8P0V4,6JT5,0.122
A8R7E6,4EBZ,0.232
A8W790,,
A9CEZ0,,
A9CL58,4IDG,0.217
A9D9D1,6V43,0.219
A9FDB7,6F88,0.222
A9IH93,,
A9JQL9,4F6X,0.258
A9KN57,4C3S,0.201
A9LIE0,,
A9PHH6,4RI7,0.221
A9X9K8,1V5E,0.198
A9XG43,5DP9,0.305
A9YN63,4HZV,0.203
A9ZSX9,4IJ4,0.15
B0B0V1,3K02,0.237
B0CZL6,,
B0KAH1,,
B0R2U4,,
B0R5M0,4B2J,0.183
B0SWV2,,
B0Y813,,
B1FXZ2,,
B1IS70,,
B1L3C9,4YB8,0.221
B1L7P8,4YB8,0.221
B1MD73,,
B1MDI3,6QOM,0.253
B1MDL6,5O0H,0.264
B1MHW4,6YYB,0.244
B1MKD5,4ED4,0.271
B1MMZ4,4YMI,0.203
B1VBB0,4MB5,0.194
B1WBP0,,
B1XMM6,,
B1YAL1,,
B1YEL6,,
B1ZMF4,7B7H,0.212
B2DFG5,4PB3,0.186
B2FTM1,6UAH,0.211
B2HHT4,,
B2HN69,5MSO,0.167
B2L9C1,3FPX,0.208
B2NHN2,,
B2RID1,,
B2RKN6,,
B2VNK2,6AOV,0.21
B2ZWE9,4PWB,0.201
B3C5J6,,
B3DQP5,6MPA,0.214
B3DUR4,5YVZ,0.18
B3ECE3,6KTW,0.189
B3EY95,4EUB,0.221
B3EYM8,,
B3EYM9,6RJY,0.224
B3GVK1,6ELC,0.173
B3GVS7,,
B3LRE1,5U5Y,0.183
B3PBE0,,
B3PC73,,
B3PD52,,
B3PEE6,,
B3PGI1,,
B3TLD6,,
B3TMQ9,5T67,0.235
B3TMR8,,
B3VI55,5BSB,0.222
B3Y002,3X2O,0.131
B3Y018,,
B4E7B5,,
B4EA43,4MSS,0.2
B4EEE3,5U8P,0.126
B4EH86,6ZZW,0.232
B4EH87,,
B4G043,5VW8,0.244
B4SLK2,,
B4UPH9,6BKO,0.201
B4Y380,,
B5BTR7,4WZL,0.228
B5GMG2,,
B5II98,6MMO,0.275
B5L6K6,,
B5XYG3,4NE2,0.196
B5ZAD9,4WCN,0.214
B6BQB2,,
B6DMH6,,
B6HWK0,,
B6JPK4,3UB8,0.15
B6K6D6,6PUQ,0.214
B6RGK2,,
B6THD4,,
B6TPH0,6BNZ,0.207
B6V7E4,5XW0,0.175
B6YT87,,
B7GN78,4OCU,0.177
B7GNN8,,
B7GTV0,6RXE,0.252
B7GUI0,,
B7JBP8,3SX6,0.239
B7QK46,4MHZ,0.232
B7UM99,2CI9,0.228
B7UZI4,6DUI,0.181
B7X8M2,4Z9W,0.204
B8FUR2,6SJO,0.25
B8FW00,4O1F,0.22
B8FW11,3E6C,0.291
B8GAY9,6Y7U,0.236
B8J605,4KAE,0.17
B8MX95,4YNT,0.18
B8NJH3,6IV7,0.22
B8QIQ9,6YRP,0.24
B8XA40,,
B8XX90,6IYF,0.24
B8YLW0,7DNC,0.173
B8ZYW1,4OZJ,0.209
B9DUT7,,
B9K0Q5,5BR1,0.266
B9K712,,
B9MKT4,4EW9,0.214
B9UIZ4,5CJ3,0.202
B9W4V6,5OXU,0.166
B9W5G6,,
C0HJB3,,
C0HM62,7FBL,0.164
C0IR58,6IHI,0.209
C0JRF5,,
C0KTJ6,3LQF,0.196
C0SUJ9,4YAI,0.177
C1DLC3,,
C1EBN1,4IX5,0.217
C1F2K5,5G0M,0.208
C1JZ07,6CWN,0.156
C1K5M2,,
C1KIK8,,
C3L5T6,3MLA,0.247
C3MWA1,5FAD,0.226
C3PR70,6AOT,0.216
C3SBW0,,
C3W5S0,5WE9,0.264
C3W5S3,,
C3W5X5,7AS3,0.213
C3W6G3,,
C3YRA2,,
C4LVZ4,4S1I,0.315
C4LW95,4A65,0.217
C4LXL1,4Y0V,0.3
C4LYI2,3OXK,0.195
C5CSP2,,
C5H429,5DY3,0.197
C5MR76,,
C5NSW6,6I22,0.226
C6A190,,
C6FX51,6HTM,0.202
C6KP13,6G01,0.188
C6KRM7,6ON6,0.258
C7BLE4,6RGR,0.222
C7C422,4EYL,0.226
C7MEP1,,
C7S226,3QQI,0.236
C7YVL8,4CMD,0.168
C8BD48,5KR0,0.318
C8CP57,6J2O,0.183
C8W8H7,4QJG,0.22
C9E261,,
C9K1X5,7AO0,0.23
C9Z6T8,5TLB,0.228
C9ZDC6,4TPO,0.159
D0A7P1,,
D0C9L6,5Y9A,0.157
D0E9M1,4INW,0.162
D0QF43,5XZO,0.19
D0QJ68,5IYR,0.17
D0VV09,3N15,0.176
D0VWQ0,3W8E,0.159
D0VWQ1,,
D0VWR1,,
D0VWR2,,
D0VWR3,,
D0VWR4,,
D0VWR5,,
D0VWR7,,
D0VWR8,,
D0VWU3,2H5U,0.198
D0VWW2,4Q7R,0.159
D0VWW3,,
D0VWZ1,5NYB,0.218
D0VX01,3ELD,0.206
D0VX21,3GH7,0.166
D0VX33,4KPI,0.556
D0WGK0,,
D1A3K7,,
D1A3K8,,
D1AC29,3SII,0.173
D1AWE0,,
D1C7D8,,
D1MPT3,6YLM,0.209
D2D3B2,6HBS,0.181
D2J2T6,4G8C,0.153
D2K8B3,,
D2KW09,3SUW,0.201
D2PPM8,7C25,0.171
D2Q7B1,,
D2RIQ2,4L2I,0.202
D2RIQ3,4L2I,0.202
D2UDM3,6DAY,0.217
D2W2Z5,6VT8,0.236
D2YZL2,3VML,0.185
D3EKC1,6SL8,0.194
D3H0F7,3PAA,0.182
D3HJY4,6E8I,0.256
D3W065,3QP2,0.254
D3Y1I2,,
D3YEX6,3PFB,0.302
D4L313,5HHK,0.199
D4Z2G1,1G4H,0.185
D5AT91,6O8N,0.271
D5AV08,"4AU1, 4FDV",0.169
D5EHC5,,
D5IEZ9,,
D5X329,,
D6D1V7,5LYR,0.154
D6N9X1,,
D6PAH1,,
D6PBM7,5Y1E,0.191
D9IEF7,4PJZ,0.242
D9J2T9,"4JTB, 4RZJ",0.239
D9N167,,
D9N168,,
D9N170,,
D9PY12,3WV8,0.229
D9QA55,6WJO,0.323
D9UBW0,5GZM,0.204
D9ZDQ9,,
E0SRA9,5E4R,0.194
E0TW95,5X14,0.198
E1ANH6,,
E1BIQ4,6PWR,0.136
E1C9K5,,
E1VBK1,,
E2EKP5,5OO5,0.181
E2ESL7,,
E3T1W8,6YAP,0.218
E3YBA4,,
E4N096,,
E4QP00,6F97,0.228
E5ATN9,,
E5BDC6,4UWP,0.196
E5EVW2,4EFQ,0.232
E5KIY2,5YPL,0.217
E5KWG9,4EE7,0.217
E5XP76,,
E6MVV9,5XVR,0.209
E7E815,3QZQ,0.273
E7FJB9,4H4U,0.248
E8MF10,6K0G,0.173
E8MF12,4WH3,0.222
E8MF13,,
E8N6F3,,
E8T502,4COQ,0.186
E9AE57,6UO0,0.19
E9AND8,6Q4Y,0.209
E9NSU2,,
E9P5T5,4IO7,0.216
E9Q401,6MM5,0.228
E9QYP0,4B63,0.209
F0M433,,
F2I8X9,,
F2I8Y0,6EBQ,0.268
F2JXJ3,,
F2RCL8,,
F2UBE5,5WDR,0.275
F2WR39,4TSX,0.213
F2XBU9,4E3Q,0.225
F2Y337,7AKW,0.417
F2YGR7,3Q60,0.202
F2Z266,3QDW,0.211
F4Y432,,
F6BL85,,
F6KZJ2,5HAR,0.246
F6MIW5,6GJ9,0.176
F6UME2,4V3J,0.251
F7X6I3,,
F8JJ04,,
F8RC03,,
F8UNI5,,
F8W4B7,5WGK,0.275
F8WRK9,,
F8WSX2,6KXN,0.291
F9VNT4,2E7W,0.208
G0L2L9,5FUI,0.174
G0R7E2,6N5F,0.335
G0RVK1,5TC9,0.198
G0S3F2,6RY2,0.151
G0S3N2,,
G0S8G9,4TMW,0.181
G0SAW6,,
G0SB58,3WZS,0.245
G0SEG4,6RM9,0.281
G0SFN3,6RM9,0.281
G0X8E8,5CON,0.254
G1C2I2,3T4P,0.196
G1EUI6,5U38,0.192
G1UBC6,,
G1UII1,5GZ6,0.271
G1XA82,7C3D,0.159
G2IQS7,,
G2IQT9,6XM9,0.184
G2QG48,,
G3CEP6,5AX1,0.199
G3FFN6,6FM0,0.282
G3G192,5T66,0.321
G3HK48,6I2D,0.261
G3I8R9,6EOE,0.245
G3XAP7,3ZUD,0.178
G3XCV0,6JDI,0.259
G3XCY5,,
G3XD33,3W8O,0.224
G3XD46,6HR9,0.286
G3XD64,5J1J,0.184
G3XDA2,,
G4FEF4,6GWG,0.211
G4VLE5,6B50,0.246
G5ED00,6ON9,0.218
G5EGA6,5OJG,0.24
G5ELM3,6K4T,0.16
G7CFI3,,
G7CGT2,5K41,0.215
G7CIP8,6Y8L,0.202
G7CNL4,5OU3,0.23
G7ILW0,,
G7J7Q5,5EQ8,0.175
G7K2D1,6BQ4,0.256
G7KRM5,,
G7VCG0,,
G8BHG4,,
G8BHG6,7DLM,0.164
G8FL04,,
G8G134,,
G8JZS4,,
G8NVB5,,
G8T6H8,7CVX,0.179
G8WNK6,,
G9MBV2,,
G9NLP8,,
G9NTY1,,
G9QLG5,,
G9VYV4,,
H0USY8,,
H0Y4R8,,
H2J4R1,,
H3BCW1,6HGZ,0.234
H6BDX1,5HC0,0.142
H6RQF3,,
H6UQI0,5U53,0.204
H7C745,,
H7CGE2,3WDQ,0.143
H9N289,,
H9XP47,6VSP,0.217
I0B503,5F7O,0.213
I0CBY7,,
I0JWN7,,
I1MYY4,5T9F,0.198
I1SB08,,
I1VE66,6RHP,0.201
I1ZPA1,4PHS,0.224
I2D7A8,,
I2DBY1,,
I2N5E8,,
I3V6A7,,
I6NW33,4WA3,0.182
I6SYK8,,
I6X8D2,5V42,0.265
I6XHI4,,
I6Y8B5,4FN8,0.177
I6Y9J2,6LQB,0.208
I6YCI1,5WI7,0.247
I6YFP0,4XTZ,0.227
I6ZQW6,4QED,0.191
I7AP60,6OOE,0.162
I7BFC3,6O57,0.225
I7FLU3,4X1X,0.183
I7H6W6,6YME,0.169
J3KJC6,,
J7HDY4,,
J9U5U9,6AP6,0.198
J9UN47,,
J9VFT1,,
J9VS02,6R5H,0.205
J9VVA4,,
J9XXB7,6GVZ,0.175
K0BWD0,5YN8,0.306
K0J0N5,5YLL,0.216
K1QRB6,5IDB,0.146
K2MB66,,
K4DIE3,6ZSM,0.211
K4LC41,5YN8,0.306
K4LM89,,
K4MHV9,6T6Z,0.198
K5B7F3,6G7D,0.17
K5B7Z4,,
K5BDL0,,
K7EMV3,5B76,0.226
K7N5L2,,
K7NTP5,6S02,0.285
K7WDL7,5DBG,0.229
K7ZP76,6KTK,0.153
K9MST3,,
K9N638,5WKK,0.187
K9N7C7,5HOL,0.21
K9TLZ5,4YUS,0.266
K9TVX3,,
L0E4H0,6PVG,0.209
L0HR89,6NSA,0.218
L0N3Y0,3WW1,0.215
L0N7E5,,
L0N8S9,,
L7R9I1,5WRE,0.249
M1E1F8,,
M1GME7,,
M2XAQ9,6S31,0.315
M9QSI0,,
M9V5A4,4MK1,0.236
N0DKS8,6YBY,0.246
N6UXY4,5M46,0.176
N9UNA8,4O4F,0.232
O00092,1SK8,0.223
O00095,1OLQ,0.242
O00105,1X0C,0.195
O00182,3NV3,0.182
O00206,,
O00214,7AEN,0.239
O00244,3IWL,0.178
O00255,6BXY,0.237
O00294,2FIM,0.233
O00299,7FBQ,0.223
O00311,6YA8,0.204
O00408,4D08,0.237
O00429,3W6O,0.184
O00443,6BTY,0.208
O00481,,
O00482,5UNJ,0.236
O00512,,
O00522,6OQ3,0.277
O00560,,
O00602,2JHI,0.206
O00625,6N0J,0.191
O00757,5ET8,0.232
O04379,4G0Q,0.22
O04385,,
O05205,1KLL,0.159
O05268,3LZX,0.24
O05581,4AVB,0.233
O06543,,
O06644,,
O06961,4XH4,0.224
O07347,2J7P,0.226
O07897,2GXS,0.218
O08355,1LJ8,0.181
O08795,,
O08967,,
O08989,3KKO,0.185
O13024,2BFY,0.207
O13836,,
O14079,6HM4,0.201
O14556,3H9E,0.189
O14607,,
O14646,5AFW,0.282
O14656,,
O14684,6VL4,0.328
O14733,6YZ4,0.194
O14757,4RVK,0.285
O14786,,
O14818,,
O14929,,
O14936,,
O14965,5ORY,0.264
O15054,6F6D,0.212
O15118,3GKI,0.216
O15151,3U15,0.372
O15164,3O34,0.235
O15178,6ZU8,0.277
O15294,4N39,0.204
O15382,5BWW,0.268
O15393,,
O15394,,
O15496,5OW8,0.232
O15527,,
O15530,1UU7,0.266
O15550,6FUL,0.206
O15570,4JBN,0.211
O22321,,
O22822,,
O23346,5ELW,0.144
O23939,4IDE,0.193
O24146,,
O24243,7BWP,0.185
O24529,6CIG,0.204
O24769,5TK9,0.198
O24872,3QXC,0.152
O24915,4BMZ,0.391
O25323,1PU7,0.199
O25708,4Q6O,0.18
O25743,3FNM,0.202
O26232,3QMR,0.292
O26253,4YP6,0.178
O26771,3O31,0.215
O27985,,
O28126,1R89,0.243
O28344,,
O28471,1ZTF,0.272
O28480,3QVS,0.232
O28524,,
O28527,3NCR,0.19
O28597,,
O28603,,
O28604,,
O28751,6FX7,0.22
O29428,,
O29689,4HVK,0.162
O29777,,
O30245,1TQM,0.203
O30463,,
O30642,1TV4,0.155
O31246,5N6G,0.186
O31698,6YJ7,0.244
O31801,,
O31815,5ONL,0.212
O32164,7E6B,0.196
O32253,2OKG,0.243
O32323,6S72,0.276
O32393,1WC3,0.234
O32553,,
O33336,,
O33839,,
O33853,,
O33877,4B0B,0.262
O34453,5G6G,0.243
O34559,2GH4,0.216
O34600,,
O34627,,
O34667,,
O34919,,
O34925,4DAB,0.214
O35298,,
O35795,,
O35820,4FYK,0.264
O35904,6TNR,0.236
O38710,,
O38716,,
O38723,,
O38732,3SAB,0.247
O38885,6OGQ,0.235
O40922,5UV3,0.238
O41078,7FH9,0.185
O42629,,
O42692,,
O42807,"2HL6, 1UZA",0.176
O43175,5NZQ,0.33
O43189,4HCZ,0.259
O43252,1X6V,0.201
O43293,5A6N,0.205
O43314,6N5C,0.212
O43318,,
O43414,,
O43451,,
O43521,5VX3,0.259
O43570,6QNG,0.253
O43597,5HKZ,0.198
O43598,,
O43809,,
O43924,4JV6,0.26
O44049,2A75,0.183
O48917,,
O49003,,
O49686,3K3K,0.232
O50146,5EIN,0.193
O50580,,
O51933,,
O52792,6A0M,0.199
O52793,,
O53512,5E5G,0.176
O53623,6HS1,0.252
O53780,6MNA,0.252
O54438,4BO2,0.241
O54440,,
O54512,,
O55060,2GB4,0.277
O55239,"2I62, 5YJI",0.239
O57767,4ZK6,0.246
O57883,2DTH,0.261
O57899,,
O57946,,
O57980,1X55,0.175
O58107,,
O58216,6Q7P,0.247
O58235,,
O58429,2DYA,0.285
O58456,2EGS,0.232
O58462,2CZE,0.179
O58586,3ZOD,0.243
O58836,,
O59096,1GD9,0.17
O59791,,
O59952,7APP,0.282
O60218,4GQG,0.224
O60229,,
O60547,1T2A,0.178
O60674,6TPD,0.269
O60760,6W8H,0.261
O60885,6FFD,0.354
O60894,6ZIS,0.251
O60911,,
O64411,1B5Q,0.16
O64989,,
O66490,4JL6,0.246
O66496,1T96,0.252
O66529,1NQX,0.188
O66809,,
O66841,6Q9C,0.207
O66842,6Q9C,0.207
O66905,5XJ9,0.246
O67099,5XB3,0.179
O67315,3SWG,0.152
O67518,6LZI,0.289
O67648,5U86,0.153
O67854,,
O68098,5C4N,0.199
O68183,4DFU,0.285
O68252,,
O68541,,
O68720,1QZ0,0.179
O69054,4E5K,0.267
O69787,,
O70348,6AIX,0.205
O70370,4MZS,0.262
O70570,4NOF,0.192
O73948,3FYH,0.207
O74036,6TUU,0.245
O74706,5I77,0.238
O75151,3PUA,0.204
O75154,2HV8,0.217
O75164,6H8P,0.253
O75173,4WKI,0.224
O75191,,
O75385,5CI7,0.208
O75460,6W39,0.293
O75469,7AXE,0.23
O75530,6W7G,0.191
O75581,,
O75604,5XU8,0.214
O75874,,
O75936,4CWD,0.241
O76054,4OMJ,0.179
O76074,1XP0,0.251
O76290,4CM3,0.251
O77404,6GXY,0.206
O80992,4LA7,0.249
O81086,,
O81100,,
O81226,2FAW,0.19
O82392,,
O83774,4IFX,0.21
O85353,4EA8,0.195
O85361,1M04,0.189
O85465,4A3H,0.149
O85725,6RTT,0.168
O86049,,
O86159,5BJW,0.193
O86785,,
O86786,,
O87131,5XLX,0.244
O87170,4DI8,0.174
O87172,1ESW,0.18
O87198,,
O87605,2CD8,0.323
O87989,,
O88188,3M7O,0.207
O88703,3ETQ,0.192
O89100,,
O92139,,
O92956,1A5V,0.196
O92972,,
O93715,,
O93874,4FIZ,0.192
O94468,,
O94760,6SZP,0.243
O94768,6Y6F,0.232
O94804,6EIM,0.202
O95243,,
O95251,,
O95271,3UDD,0.241
O95363,5MGH,0.266
O95619,,
O95696,6IN2,0.266
O95831,5FMH,0.228
O95931,4MN3,0.193
O95983,,
O95989,2FVV,0.205
O96013,5VEF,0.256
O96017,3VA4,0.202
O96048,,
O96445,5A1T,0.33
O96693,,
O96759,,
O96935,"6EE3, 3EBH",0.2
O97373,6TKI,0.227
O97775,1T7F,0.196
P00044,1CTZ,0.301
P00045,1YEA,0.248
P00138,5JS5,0.273
P00183,6WFL,0.457
P00282,4HIP,0.357
P00322,,
P00323,1XYY,0.285
P00325,1U3V,0.156
P00327,5VJG,0.247
P00338,5W8L,0.194
P00350,,
P00352,5AC2,0.231
P00362,1GD1,0.187
P00374,5HT4,0.289
P00375,3K45,0.237
P00383,,
P00388,5URD,0.234
P00390,2GH5,0.231
P00392,1ZX9,0.222
P00396,,
P00415,,
P00423,,
P00426,,
P00428,,
P00429,,
P00430,,
P00431,3EXB,0.171
P00432,,
P00433,7ATJ,0.162
P00436,,
P00437,,
P00439,5FII,0.217
P00441,4A7S,0.197
P00447,4E4E,0.2
P00455,1FRQ,0.217
P00459,6N4M,0.242
P00466,,
P00467,,
P00484,,
P00489,2GPN,0.222
P00490,,
P00492,,
P00503,5VK7,0.177
P00509,4F5J,0.208
P00517,4AXA,0.262
P00519,3QRJ,0.273
P00520,3IK3,0.24
P00523,6HVE,0.206
P00524,1SHA,0.249
P00533,7A2A,0.258
P00557,3W0N,0.222
P00558,5O7D,0.242
P00568,2C95,0.221
P00590,,
P00592,1HN4,0.216
P00593,1MKV,0.226
P00636,1YYZ,0.214
P00639,2A40,0.218
P00644,4R8N,0.306
P00651,1RNT,0.234
P00653,,
P00654,,
P00669,1N1X,0.188
P00690,3L2M,0.166
P00698,4XYY,0.466
P00703,1JEF,0.2
P00720,5V7E,0.36
P00722,,
P00727,2J9A,0.153
P00730,1BAV,0.158
P00734,3LU9,0.326
P00740,3LC3,0.232
P00741,1J35,0.244
P00742,7BMJ,0.285
P00746,"5NB6, 5MT4",0.252
P00747,4CIK,0.301
P00748,,
P00749,4MNX,0.271
P00760,5MOR,0.375
P00761,1S82,0.208
P00763,1YLC,0.204
P00766,1K2I,0.165
P00772,3HGN,0.377
P00776,,
P00778,2H5D,0.224
P00780,,
P00782,,
P00784,,
P00791,6XCZ,0.229
P00797,2G24,0.213
P00798,1BXQ,0.149
P00800,3FLF,0.217
P00805,6V2G,0.198
P00807,1GHM,0.215
P00808,3M2J,0.249
P00811,6DPX,0.386
P00829,,
P00873,,
P00875,,
P00877,,
P00883,,
P00915,6FAF,0.254
P00918,6OUM,0.302
P00921,6SKT,0.256
P00924,,
P00926,3SS7,0.158
P00929,2CLK,0.274
P00940,,
P00942,1I45,0.182
P00947,3NBR,0.313
P00953,5DK4,0.2
P00957,3HXW,0.172
P00959,6SPR,0.185
P00974,3LDJ,0.225
P01009,6I4V,0.231
P01011,6HGL,0.225
P01012,1UHG,0.211
P01017,,
P01019,,
P01042,,
P01050,4AX9,0.245
P01111,6E6H,0.24
P01112,3K9L,0.256
P01116,5WPM,0.296
P01123,1UKV,0.177
P01275,6PHP,0.258
P01308,3ZS2,0.562
P01375,5UUI,0.308
P01556,6HMW,0.251
P01584,6Y8I,0.223
P01709,5ACL,0.207
P01724,1OAU,0.27
P01727,5A2I,0.273
P01730,,
P01801,5A2I,0.273
P01834,6BAH,0.221
P01837,2AJX,0.255
P01854,,
P01857,6G1E,0.3
P01860,6G1E,0.3
P01861,5HVW,0.259
P01863,3ZO0,0.242
P01865,3FO9,0.254
P01870,5DTF,0.243
P01887,2AKR,0.246
P01889,3VRI,0.205
P01901,1LEG,0.209
P01903,4MDJ,0.195
P01911,4MDJ,0.195
P01958,2D5X,0.175
P02062,2D5X,0.175
P02089,,
P02185,5OJ9,0.238
P02299,6ASZ,0.284
P02309,6RXO,0.232
P02458,6HG7,0.309
P02592,1UHI,0.239
P02638,3LLE,0.279
P02640,3TJW,0.427
P02649,6NCO,0.237
P02693,,
P02701,2JGS,0.255
P02743,,
P02745,5HKJ,0.196
P02746,5HKJ,0.196
P02747,5HKJ,0.196
P02753,6QBA,0.255
P02754,6GHH,0.282
P02766,6TXW,0.303
P02768,6YG9,0.352
P02791,3NP0,0.289
P02829,1ZW9,0.213
P02866,5Z5Y,0.254
P02872,6VC3,0.306
P02879,3PX9,0.237
P02883,5T3G,0.18
P02886,,
P02893,6B5R,0.258
P02911,5OWF,0.246
P02924,,
P02925,2GX6,0.209
P02931,3POQ,0.285
P02945,5ZIN,0.355
P02976,5U5M,0.229
P03007,1J53,0.183
P03069,6XNE,0.312
P03070,3QK2,0.202
P03079,,
P03089,,
P03147,,
P03195,2BSY,0.169
P03211,6NPP,0.181
P03252,4PIE,0.243
P03274,4PIE,0.243
P03305,,
P03313,6S3A,0.2
P03314,3EVB,0.2
P03355,2FJX,0.216
P03366,4YHQ,0.312
P03367,6VCE,0.452
P03369,3R4B,0.268
P03372,6IAR,0.546
P03433,,
P03472,1F8D,0.184
P03888,,
P03951,3SOR,0.285
P03952,2ANW,0.276
P03956,,
P03962,,
P04010,,
P04035,,
P04038,,
P04040,,
P04049,6VJJ,0.259
P04058,7B38,0.216
P04062,,
P04070,1LQV,0.202
P04117,1G74,0.238
P04150,4P6W,0.207
P04164,,
P04179,1XDC,0.214
P04181,6OIA,0.221
P04190,4NQ6,0.249
P04224,,
P04271,,
P04275,3GXB,0.204
P04278,1F5F,0.235
P04390,,
P04406,6M61,0.208
P04439,4NO3,0.206
P04519,1XV5,0.172
P04547,1JG7,0.196
P04552,5IIB,0.24
P04578,6RYF,0.301
P04584,3EC0,0.204
P04585,4U7Q,0.316
P04587,"2AOH, 2AVV",0.209
P04626,5TQS,0.257
P04629,5KMI,0.227
P04632,4WQ3,0.23
P04637,7B49,0.326
P04642,4AJL,0.166
P04695,,
P04746,5KEZ,0.207
P04789,,
P04818,3EAW,0.247
P04825,5YQ1,0.17
P04857,1KPV,0.206
P04905,,
P04925,6AQ7,0.29
P04936,6FFS,0.166
P04963,2CJ1,0.186
P04995,3HP9,0.246
P05020,1J79,0.245
P05050,3T4V,0.189
P05067,3OVJ,0.276
P05089,3MFV,0.376
P05091,,
P05102,2HR1,0.208
P05107,5E6X,0.236
P05121,7AQF,0.215
P05132,6MM5,0.228
P05164,1D2V,0.239
P05187,1ZEB,0.179
P05205,6ASZ,0.284
P05326,1HB4,0.183
P05327,1QNF,0.212
P05364,4XUX,0.293
P05373,1W31,0.229
P05412,6Y3V,0.199
P05413,3WXQ,0.293
P05414,2A7N,0.179
P05543,4YIA,0.251
P05556,,
P05630,,
P05631,,
P05632,,
P05798,1GMR,0.166
P05877,6DB6,0.229
P05981,1O5E,0.207
P06008,,
P06009,,
P06010,,
P06126,4X6F,0.253
P06169,,
P06181,,
P06202,,
P06213,5HHW,0.223
P06239,"4C3F, 3MPM",0.21
P06241,6IPZ,0.229
P06276,,
P06280,,
P06396,4PKG,0.217
P06401,1A28,0.21
P06463,5IC3,0.245
P06537,,
P06608,1JSR,0.176
P06672,5TMA,0.202
P06715,,
P06721,,
P06730,,
P06733,,
P06737,,
P06745,1U0F,0.178
P06746,5UGP,0.335
P06786,1PVG,0.229
P06802,6AEK,0.245
P06820,1IVD,0.319
P06828,6PYQ,0.301
P06873,6KKF,0.235
P06875,1FXH,0.175
P06935,,
P06968,2HRM,0.213
P06983,1GTK,0.226
P06999,3UMO,0.197
P07024,1HP1,0.175
P07061,,
P07062,,
P07097,,
P07148,7DZL,0.232
P07170,,
P07173,,
P07195,,
P07221,3V1W,0.207
P07254,1FFR,0.182
P07306,,
P07328,,
P07329,,
P07332,4E93,0.23
P07333,2I1M,0.243
P07339,6QBG,0.226
P07342,,
P07355,2HYV,0.255
P07359,4CH8,0.275
P07374,4GY7,0.148
P07379,5FH3,0.268
P07435,1GT1,0.231
P07445,5KP3,0.249
P07470,,
P07471,,
P07547,1SG6,0.21
P07560,1G16,0.257
P07570,3TPN,0.259
P07572,6S1U,0.236
P07597,3GSH,0.24
P07607,4EB4,0.242
P07617,1VP3,0.306
P07650,4LHM,0.2
P07688,,
P07711,6EZP,0.206
P07737,,
P07738,,
P07741,6FCI,0.243
P07814,,
P07822,,
P07824,1ZPG,0.199
P07830,,
P07839,6KV0,0.178
P07850,,
P07858,5MBL,0.188
P07862,4C5C,0.204
P07900,2BT0,0.249
P07901,7D22,0.203
P07902,6GQD,0.205
P07949,6NE7,0.238
P07986,,
P07987,1QJW,0.172
P07996,1LSL,0.263
P08069,,
P08134,2GCN,0.196
P08149,,
P08164,1IH8,0.163
P08165,1CJC,0.196
P08179,1JKX,0.208
P08191,5L4T,0.3
P08200,4AJ3,0.199
P08235,1Y9R,0.292
P08238,6N8Y,0.178
P08246,3Q77,0.218
P08254,1C3I,0.227
P08263,3KTL,0.256
P08311,1CGH,0.2
P08373,,
P08397,7AAJ,0.308
P08427,4WRF,0.239
P08473,6GID,0.24
P08487,5TQS,0.257
P08492,,
P08506,,
P08515,7AL7,0.265
P08519,4BVD,0.273
P08559,1NI4,0.208
P08563,,
P08567,2I5C,0.251
P08581,5HO6,0.276
P08617,2HAL,0.228
P08631,5ZJ6,0.251
P08648,,
P08661,1KZE,0.236
P08668,6Y6P,0.213
P08670,4MDJ,0.195
P08684,4D6Z,0.25
P08692,,
P08709,2FLB,0.257
P08716,2FFB,0.265
P08773,6L18,0.205
P08799,1W9I,0.187
P09029,3ETH,0.188
P09038,5X1O,0.311
P09095,5N82,0.182
P09104,3UJR,0.282
P09147,5GY7,0.128
P09148,,
P09152,,
P09211,6Y1E,0.263
P09215,,
P09237,,
P09373,,
P09382,4Y1Y,0.29
P09385,2GA4,0.16
P09386,2GA4,0.16
P09391,5MTF,0.199
P09455,6E5T,0.252
P09464,,
P09467,,
P09527,1VG1,0.206
P09546,"4JNY, 4JNZ",0.226
P09619,1SHA,0.249
P09622,6I4Q,0.257
P09651,,
P09772,,
P09788,1WVE,0.182
P09838,,
P09871,,
P09872,2AIQ,0.174
P09874,4ZZZ,0.269
P09889,5UQ6,0.155
P09914,,
P09945,3F68,0.276
P09955,3WC7,0.195
P09958,6HZD,0.186
P09960,3FU0,0.203
P09989,1QD2,0.219
P0A017,6E4E,0.277
P0A031,,
P0A078,1QXZ,0.161
P0A0K8,5CTW,0.24
P0A0Z8,6CKK,0.25
P0A108,2EI0,0.183
P0A110,1O7P,0.187
P0A111,2HMM,0.187
P0A112,1O7P,0.187
P0A113,2HMM,0.187
P0A114,1ZJ4,0.188
P0A1F6,1ZL2,0.177
P0A2K1,2CLK,0.274
P0A2U4,7AYW,0.232
P0A387,,
P0A3C9,6JO2,0.191
P0A3E0,3ESZ,0.216
P0A3F4,4AFF,0.139
P0A3G3,4KAJ,0.241
P0A3R9,2CBO,0.219
P0A434,"4E3T, 3URA",0.223
P0A6A8,3NY7,0.221
P0A6C1,,
P0A6C8,1OHA,0.211
P0A6D3,1X8T,0.171
P0A6G7,,
P0A6I0,,
P0A6I6,6B7B,0.213
P0A6I9,1VHL,0.229
P0A6K3,2AI8,0.168
P0A6L0,6Z9I,0.206
P0A6L2,2OJP,0.198
P0A6L4,,
P0A6R0,,
P0A6T9,,
P0A6Y8,4HYB,0.225
P0A720,,
P0A722,6P9Q,0.204
P0A749,,
P0A776,6VCN,0.247
P0A786,,
P0A790,4CRZ,0.172
P0A7Y4,3QIN,0.244
P0A853,5D8G,0.203
P0A881,"6EJZ, 6EJW",0.228
P0A884,2FTN,0.209
P0A8G6,5F12,0.202
P0A8I5,,
P0A8M3,1TKY,0.192
P0A8Z3,,
P0A953,,
P0A962,2HIM,0.202
P0A988,3QSB,0.294
P0A9A6,6UNX,0.217
P0A9B2,6UTN,0.189
P0A9E0,2AAC,0.166
P0A9S1,,
P0A9V1,6MBN,0.255
P0AAI5,3HO9,0.179
P0AB71,,
P0ABE7,5NM4,0.269
P0ABP8,6XZ2,0.166
P0ABQ4,6XG5,0.326
P0ABU0,,
P0AC13,5U14,0.247
P0AC59,7D9L,0.193
P0ACB2,,
P0ACE7,3N1T,0.22
P0ACJ8,1HW5,0.24
P0ACT4,6FPM,0.299
P0AD64,4GD8,0.219
P0AD68,6I1I,0.22
P0ADA1,5TIE,0.165
P0ADJ3,6YAR,0.237
P0AE18,4Z7M,0.693
P0AE22,1RMT,0.18
P0AE67,2ID9,0.196
P0AEB2,3MZD,0.227
P0AEE8,4RTJ,0.379
P0AEG4,6XT3,0.273
P0AEK4,3PJF,0.213
P0AES6,5Z9L,0.253
P0AES7,5MMO,0.238
P0AEX9,5VAW,0.279
P0AEY0,,
P0AEZ1,3FST,0.239
P0AF12,4YML,0.228
P0AFG8,2IEA,0.165
P0AFG9,,
P0AFI0,,
P0AFL3,1VAI,0.177
P0AG18,,
P0AGD7,,
P0AGJ9,6HB6,0.236
P0C024,,
P0C0J0,,
P0C0R7,,
P0C0Y7,,
P0C0Y8,,
P0C0Y9,,
P0C1A9,2NTB,0.233
P0C1B3,3VX0,0.207
P0C278,,
P0C2P0,1WN6,0.192
P0C512,1WDD,0.163
P0C6E9,6EKS,0.195
P0C6F2,4QGI,0.244
P0C6U8,3SN8,0.253
P0C6W3,4YOI,0.231
P0C6X7,7END,0.402
P0C6Y8,3TAY,0.185
P0C8P8,1E9W,0.123
P0CE13,6X2E,0.206
P0CE82,4RW5,0.187
P0CG47,5GOG,0.406
P0CG48,5OXH,0.2
P0CJ63,,
P0CS83,3Q70,0.164
P0CS93,6XLS,0.187
P0CU33,1IZE,0.194
P0DM37,,
P0DMV8,5AQZ,0.244
P0DMV9,7F50,0.223
P0DOF5,"5C02, 4QKM",0.192
P0DOX5,6G1E,0.3
P0DOX7,6N35,0.243
P0DP23,6M7H,0.278
P0DP29,3SG7,0.263
P0DP92,6YAR,0.237
P0DPI0,6XCD,0.267
P0DPI1,5V8R,0.216
P0DPQ7,6YCM,0.221
P0DPR0,,
P0DSP4,7D4S,0.186
P0DTC2,7B62,0.242
P0DTC9,,
P0DTD1,7EN9,0.374
P0DTH5,1QHI,0.262
P0DUB6,1Z32,0.167
P0DUV9,,
P10096,,
P10121,6DLX,0.299
P10153,2C05,0.212
P10175,,
P10253,,
P10275,2AMA,0.465
P10276,3KMR,0.253
P10340,,
P10372,5AHE,0.226
P10412,6H8P,0.253
P10415,6O0O,0.33
P10584,1Y7T,0.169
P10599,2IIY,0.253
P10619,4CIA,0.226
P10636,3OVL,0.282
P10644,5KJX,0.215
P10721,1T46,0.223
P10724,,
P10747,3WA4,0.212
P10807,3RJ5,0.199
P10824,1CIP,0.172
P10826,4DM6,0.238
P10827,,
P10828,6KKB,0.213
P10933,1QFY,0.208
P10943,1WPV,0.274
P10968,,
P10987,3EKS,0.271
P11021,3LDO,0.244
P11041,5GQL,0.171
P11142,4H5T,0.283
P11172,3EX3,0.23
P11177,1NI4,0.208
P11212,1FZJ,0.2
P11218,,
P11233,2A78,0.19
P11234,6ZRN,0.245
P11309,3F2A,0.261
P11347,,
P11349,,
P11350,,
P11362,4WUN,0.353
P11392,3V58,0.23
P11393,3V58,0.23
P11413,6E08,0.221
P11444,4FP1,0.16
P11456,,
P11473,5GT4,0.236
P11509,2FDY,0.221
P11558,,
P11560,,
P11562,,
P11588,,
P11589,2DM5,0.202
P11609,2AKR,0.246
P11766,3QJ5,0.182
P11797,,
P11798,7B57,0.254
P11799,3SG7,0.263
P11838,5QBQ,0.243
P11940,,
P11941,1LMO,0.174
P11986,1P1J,0.164
P11987,,
P12063,4OJM,0.204
P12238,,
P12239,,
P12240,,
P12241,,
P12259,3P6Z,0.264
P12271,3HX3,0.223
P12312,,
P12313,,
P12473,1KQR,0.162
P12493,6BHS,0.3
P12497,6PJC,0.313
P12499,3KFP,0.296
P12528,3TH0,0.139
P12676,5KWF,0.201
P12689,6X77,0.313
P12694,1OLS,0.19
P12807,,
P12821,4C2P,0.239
P12931,4F5B,0.22
P12955,6SRF,0.224
P12995,1MLY,0.201
P13000,1DAM,0.186
P13006,3QVR,0.19
P13009,6BDY,0.197
P13020,6I4L,0.296
P13035,,
P13051,3FCF,0.216
P13053,3W0I,0.29
P13114,,
P13123,,
P13129,2D1R,0.185
P13183,,
P13254,1GC0,0.183
P13298,,
P13423,3MHZ,0.214
P13448,,
P13449,,
P13482,2JG0,0.18
P13491,,
P13497,6BTQ,0.221
P13501,1B3A,0.204
P13569,6HEP,0.239
P13631,6FX0,0.262
P13650,1CRU,0.158
P13661,1M6K,0.181
P13689,1LRH,0.18
P13699,4GV6,0.258
P13702,,
P13726,2FLB,0.257
P13901,2A4O,0.185
P13995,5TC4,0.212
P14061,1A27,0.224
P14174,"3L5R, 7E4B",0.221
P14240,5LTN,0.25
P14324,4QXS,0.27
P14336,7BM0,0.234
P14385,,
P14489,4S2O,0.259
P14555,3U8D,0.328
P14618,,
P14668,1A8B,0.225
P14697,4N5N,0.267
P14751,1EG2,0.214
P14756,1U4G,0.16
P14769,1GWW,0.188
P14775,,
P14779,4DU2,0.238
P14780,4XCT,0.264
P14894,,
P14900,2JFH,0.259
P14902,6WJY,0.225
P15005,,
P15042,5TT5,0.19
P15056,5ITA,0.231
P15057,2J8G,0.213
P15085,,
P15090,6AYL,0.304
P15121,2F2K,0.242
P15132,,
P15144,6XWD,0.186
P15145,,
P15273,,
P15289,2HI8,0.181
P15291,2FYB,0.208
P15328,4KM7,0.254
P15363,3E79,0.19
P15379,5BZC,0.194
P15424,3SQW,0.21
P15474,,
P15494,4A84,0.243
P15555,1PWC,0.124
P15559,,
P15692,3QTK,0.221
P15790,4JR7,0.18
P15879,1GZF,0.239
P15917,4DV8,0.199
P15925,2GC6,0.223
P15941,6KX1,0.218
P16009,6P20,0.204
P16027,,
P16083,5LBW,0.254
P16088,3FIV,0.283
P16094,6LP0,0.319
P16098,,
P16104,6ZWK,0.259
P16110,,
P16113,4BBV,0.358
P16152,1WMA,0.111
P16154,3HO6,0.226
P16184,4G8Z,0.285
P16218,2BVD,0.142
P16234,6JOL,0.202
P16278,,
P16304,1P3J,0.269
P16330,4WCA,0.213
P16404,,
P16410,3OSK,0.28
P16426,5T7D,0.202
P16435,3QFS,0.191
P16442,1WT3,0.251
P16581,,
P16855,,
P16856,,
P16857,,
P16892,2B9F,0.238
P16932,1ZOD,0.209
P17050,4DO4,0.185
P17109,,
P17117,,
P17119,1F9U,0.2
P17169,1XFF,0.187
P17297,1KW9,0.165
P17312,2O0J,0.225
P17493,1XRK,0.188
P17562,,
P17612,3OWP,0.247
P17676,,
P17707,,
P17728,,
P17752,3HFB,0.232
P17802,1WEI,0.223
P17931,6KXB,0.237
P18031,3EAX,0.245
P18146,,
P18153,,
P18187,,
P18188,,
P18314,1EJW,0.196
P18315,1EJW,0.196
P18316,1EJW,0.196
P18326,5X7E,0.237
P18357,6O9W,0.227
P18527,,
P18548,1UOB,0.22
P18654,5O1S,0.282
P18669,,
P18670,1WS5,0.162
P18673,1WS5,0.162
P18708,1D2N,0.21
P18754,,
P18798,,
P18827,4GVD,0.263
P18843,1WXG,0.217
P18858,6Q1V,0.328
P18886,4EYW,0.191
P18891,1OFZ,0.166
P18895,7ACG,0.221
P18902,,
P18956,2DBX,0.184
P18965,3S9A,0.248
P19052,,
P19054,,
P19079,1UWZ,0.206
P19080,,
P19113,,
P19120,1BA0,0.223
P19157,3O76,0.254
P19440,,
P19466,3ZZQ,0.193
P19483,,
P19491,3T9X,0.31
P19492,4F39,0.298
P19493,3KEI,0.17
P19515,6QPP,0.162
P19525,,
P19544,,
P19571,1WPC,0.173
P19573,,
P19576,6L0Z,0.19
P19623,2O0L,0.239
P19656,1FK6,0.23
P19784,7A1B,0.218
P19793,5JI0,0.25
P19821,,
P19835,6H19,0.228
P19909,5HG2,0.316
P19919,,
P19920,,
P19921,,
P19938,,
P19999,"1FIH, 1KWZ",0.247
P20035,,
P20051,,
P20062,,
P20138,,
P20151,4NFF,0.234
P20160,1FY3,0.196
P20248,4EOJ,0.206
P20338,1Z0K,0.233
P20339,1N6O,0.207
P20340,4DKX,0.293
P20371,2BUZ,0.203
P20372,2BUZ,0.203
P20425,1QF9,0.226
P20432,3EIN,0.135
P20449,3PEW,0.206
P20581,5HIO,0.243
P20582,3H78,0.174
P20586,6JU1,0.187
P20618,,
P20701,1T0P,0.203
P20813,,
P20906,1BFD,0.147
P20932,3GIY,0.336
P20936,6PXC,0.213
P21179,,
P21310,1GKJ,0.174
P21375,5ZYN,0.26
P21549,,
P21589,4H2F,0.215
P21642,2FAF,0.184
P21645,6P86,0.216
P21673,,
P21675,4YYN,0.254
P21695,6PYP,0.232
P21784,,
P21802,5UGL,0.268
P21816,4XF3,0.269
P21852,,
P21853,,
P21890,3ZBT,0.212
P21953,1OLS,0.19
P21964,6I3D,0.17
P22033,,
P22069,2GMK,0.195
P22088,2NW6,0.167
P22102,1NJS,0.242
P22188,7B6N,0.251
P22244,,
P22259,"6CRT, 6V2M",0.204
P22262,"6EUT, 6EUZ",0.258
P22364,,
P22392,,
P22411,,
P22455,6NVH,0.258
P22498,1UWT,0.212
P22513,1K3T,0.229
P22557,,
P22619,,
P22629,6T30,0.277
P22637,1COY,0.159
P22681,5HKZ,0.198
P22734,4PYQ,0.359
P22748,,
P22756,2F34,0.259
P22830,4F4D,0.192
P22869,,
P22887,,
P22894,3TT4,0.251
P22897,,
P22906,"4HOE, 1IA1, 1M78",0.175
P22985,,
P23007,1AL6,0.184
P23141,5A7F,0.188
P23339,1J1Q,0.188
P23360,3NYD,0.235
P23443,3WE4,0.279
P23458,6RSB,0.313
P23467,2I4G,0.209
P23472,1KQY,0.161
P23497,6G5N,0.22
P23540,1J1G,0.216
P23677,1W2C,0.238
P23687,,
P23805,6RYM,0.162
P23807,1J35,0.244
P23869,1LOP,0.179
P23874,3TPE,0.237
P23901,2BGS,0.19
P23919,1E2D,0.206
P23946,4K5Z,0.275
P23971,,
P24021,5FBA,0.202
P24093,1USQ,0.213
P24182,3RV4,0.221
P24186,,
P24228,2EXB,0.239
P24300,4QEH,0.157
P24476,,
P24481,1W27,0.161
P24627,3UK4,0.239
P24666,3N8I,0.202
P24670,4CNO,0.342
P24735,4X68,0.229
P24740,,
P24752,,
P24821,,
P24928,6IC9,0.219
P24941,2B54,0.3
P25054,5Z8H,0.202
P25080,1UWL,0.154
P25084,6MWZ,0.228
P25321,6I2D,0.261
P25397,,
P25440,7ENZ,0.313
P25522,2GJ8,0.219
P25524,,
P25554,3MP8,0.221
P25740,2IV7,0.172
P25774,5QC0,0.254
P25779,6UX6,0.28
P25786,,
P25787,,
P25788,,
P25789,,
P25924,6PR1,0.255
P26017,1PDQ,0.221
P26045,,
P26093,3OCX,0.246
P26222,,
P26276,2FKM,0.224
P26281,3UDE,0.27
P26332,,
P26358,,
P26368,,
P26514,,
P26602,1XLR,0.223
P26662,3P8N,0.217
P26663,6W4G,0.255
P26664,6VDL,0.213
P26718,,
P26918,1X8I,0.205
P27000,2CUZ,0.282
P27037,3SOC,0.221
P27115,2AM4,0.161
P27142,4QBH,0.237
P27198,,
P27248,,
P27302,1QGD,0.142
P27338,4CRT,0.212
P27487,,
P27540,5UFP,0.276
P27616,2CNU,0.178
P27652,6YN2,0.178
P27694,4IPH,0.287
P27695,6BOQ,0.314
P27707,"3QEN, 4L5B",0.266
P27708,6HG2,0.213
P27815,3HC8,0.249
P27907,,
P27915,3P8Z,0.307
P27958,,
P27986,1H9O,0.207
P28066,,
P28070,,
P28072,,
P28074,,
P28161,1XW5,0.227
P28313,1CK6,0.17
P28327,,
P28482,6G9A,0.265
P28504,1C1V,0.301
P28507,,
P28508,2CF8,0.246
P28519,5LCM,0.4
P28523,3KXM,0.258
P28720,5J9N,0.257
P28796,,
P28845,,
P28861,1FDR,0.176
P28907,2I65,0.232
P29016,2H26,0.214
P29029,4TXE,0.189
P29068,3V7Z,0.174
P29082,,
P29166,,
P29187,,
P29208,1R6W,0.18
P29241,3I9K,0.226
P29274,5NM4,0.269
P29317,6NJZ,0.413
P29320,6IN0,0.215
P29373,6MOR,0.258
P29375,6DQ5,0.271
P29401,3MOS,0.184
P29422,1GWF,0.17
P29466,2HBZ,0.262
P29473,1DMK,0.227
P29474,6NH7,0.266
P29475,6POA,0.277
P29476,6PMV,0.328
P29477,,
P29590,6UYT,0.21
P29597,6AAM,0.245
P29600,5ARD,0.154
P29717,4M81,0.201
P29724,2FQY,0.225
P29736,,
P29768,,
P29808,,
P29894,,
P29899,,
P29957,1G94,0.155
P30043,6OPL,0.433
P30044,4MMM,0.26
P30046,6C5F,0.152
P30047,,
P30074,1CGK,0.183
P30114,1OE7,0.243
P30274,6GUE,0.222
P30291,5VC3,0.265
P30305,4WH7,0.186
P30405,3RDC,0.252
P30419,,
P30613,,
P30793,,
P30822,,
P30838,,
P30871,,
P30943,,
P30967,3TK2,0.214
P30986,3FW7,0.199
P31013,2EZ1,0.191
P31021,3REG,0.239
P31133,6YE0,0.233
P31151,,
P31153,6FCD,0.182
P31224,,
P31335,,
P31522,,
P31570,1G5T,0.21
P31749,3QKL,0.227
P31751,2JDO,0.209
P31939,,
P31946,6HEP,0.239
P31947,6RKK,0.27
P32021,6CF3,0.201
P32055,,
P32138,,
P32179,1K9Y,0.183
P32241,,
P32297,,
P32322,5UAU,0.24
P32357,5SU7,0.303
P32372,6HM3,0.217
P32449,1OF8,0.174
P32582,6C2H,0.165
P32890,1PZI,0.198
P32906,,
P32939,1KY2,0.192
P33038,,
P33173,7EOB,0.223
P33174,3ZFC,0.185
P33183,,
P33186,3KU0,0.182
P33221,1EYZ,0.202
P33316,5H4J,0.16
P33324,,
P33334,5SU7,0.303
P33469,4LM9,0.254
P33590,6R4Q,0.226
P33673,5HWA,0.165
P33981,,
P34170,,
P34736,5HJE,0.156
P34913,5MWA,0.22
P34947,6PJX,0.248
P35021,1JNY,0.225
P35030,,
P35031,1BIT,0.197
P35049,1PQA,0.15
P35120,,
P35189,6MIN,0.255
P35222,,
P35247,3G83,0.219
P35270,6I6F,0.237
P35278,1Z07,0.205
P35285,1YVD,0.229
P35398,1N83,0.207
P35439,6UZG,0.283
P35505,,
P35557,4NO7,0.214
P35568,,
P35609,7B57,0.254
P35790,4CG9,0.241
P35835,3VYV,0.14
P35844,1ZHW,0.199
P35961,,
P35963,4A6B,0.196
P35968,1YWN,0.249
P36124,5TDW,0.271
P36186,4BI7,0.168
P36217,3LGR,0.165
P36222,,
P36639,6GLU,0.347
P36871,5VG7,0.218
P36897,4X0M,0.244
P37028,,
P37063,,
P37173,5QIN,0.198
P37231,6D94,0.273
P37268,3WEK,0.223
P37344,2C96,0.264
P37355,,
P37362,4HYB,0.225
P37595,1K2X,0.178
P37613,4CRZ,0.172
P37634,6QE5,0.196
P37744,,
P37821,,
P37902,,
P37957,5CT6,0.241
P37965,5T9B,0.229
P38169,5X6R,0.246
P38218,6LFR,0.242
P38340,7D8F,0.137
P38398,1T15,0.225
P38489,1YLR,0.206
P38539,1G72,0.168
P38540,1G72,0.168
P38894,,
P38998,,
P39086,3FUZ,0.209
P39116,5AMV,0.176
P39185,,
P39186,,
P39304,,
P39377,1ONW,0.197
P39594,3O15,0.217
P39621,1H7L,0.217
P39643,6L1L,0.271
P39900,3RTT,0.283
P39958,1UKV,0.177
P40032,4NHM,0.211
P40149,,
P40288,1GEE,0.178
P40337,6I7Q,0.26
P40347,1D2A,0.2
P40406,,
P40409,,
P40485,4A6F,0.569
P40506,,
P40732,,
P40859,1L9D,0.206
P41020,1IE7,0.186
P41021,1IE7,0.186
P41022,1IE7,0.186
P41148,6CYI,0.272
P41182,6CQ1,0.241
P41222,3O2Y,0.263
P41365,6TP8,0.184
P41407,1V4B,0.215
P41816,5V4P,0.233
P41920,,
P42085,,
P42196,5JJF,0.237
P42212,6GO8,0.544
P42259,5JJF,0.237
P42260,1S9T,0.221
P42262,5H8S,0.249
P42264,6JMV,0.306
P42330,6F2U,0.252
P42345,4DRJ,0.23
P42371,,
P42527,4ZME,0.251
P42530,,
P42566,,
P42568,6MIL,0.233
P42574,2CNO,0.197
P42575,6S9K,0.219
P42684,3HMI,0.234
P42790,6M9F,0.169
P43075,6U03,0.21
P43133,6GHX,0.205
P43166,6H37,0.209
P43220,5OTU,0.232
P43235,3KX1,0.311
P43254,,
P43378,4GE6,0.204
P43403,,
P43405,4FZ6,0.284
P43490,5UPF,0.25
P43577,1I12,0.206
P43591,2GAA,0.215
P43813,3UQ8,0.185
P43873,4RZQ,0.261
P43886,1SSQ,0.213
P43889,4KNX,0.203
P43912,4YQG,0.245
P44539,1F73,0.191
P44542,,
P44859,,
P45040,7CM8,0.317
P45066,1P3D,0.197
P45446,1K4W,0.212
P45452,3I7G,0.236
P45700,1NXC,0.168
P45723,,
P45974,,
P45983,4AWI,0.219
P46072,1V5Y,0.166
P46100,3QLA,0.172
P46427,1TU8,0.189
P46527,6ATH,0.188
P46531,4D0E,0.281
P46598,6CJL,0.353
P46849,3TV1,0.231
P46881,2D1W,0.336
P46925,1XDH,0.215
P46937,6G8Q,0.185
P46976,3T7N,0.251
P47205,7DEM,0.243
P47228,1LKD,0.201
P47229,3V1N,0.207
P47547,5OBW,0.195
P47709,4NP9,0.275
P47735,5IXO,0.249
P47811,6Y4W,0.262
P47895,,
P47929,6VTO,0.261
P47934,1NDF,0.198
P48426,6YM4,0.227
P48499,,
P48552,6G05,0.249
P48635,2JJO,0.211
P48730,6F26,0.232
P48735,5SVO,0.244
P48825,,
P48827,6YN4,0.201
P49077,6YPO,0.241
P49235,1V08,0.19
P49256,2DUQ,0.21
P49302,,
P49327,3TJM,0.181
P49354,1LD8,0.173
P49356,1LD8,0.173
P49366,7A6S,0.22
P49419,,
P49424,1GW1,0.161
P49435,,
P49450,6KDS,0.243
P49588,,
P49610,4AZ5,0.166
P49638,1R5L,0.188
P49642,6R5D,0.229
P49720,,
P49721,,
P49748,,
P49759,6I5H,0.349
P49761,6YTY,0.415
P49773,6N3Y,0.235
P49791,3GJ7,0.263
P49792,,
P49841,3QKL,0.227
P49862,,
P49888,,
P49891,1AQY,0.192
P49902,6DDZ,0.196
P49903,3FD6,0.214
P50032,4Q70,0.298
P50033,4Q70,0.298
P50097,1MEH,0.242
P50120,4EXZ,0.261
P50135,,
P50247,,
P50264,1RSG,0.221
P50465,,
P50552,,
P50578,3FX4,0.264
P50579,5LYX,0.254
P51094,2C1Z,0.234
P51157,3E5H,0.167
P51449,6T4K,0.262
P51531,5DKC,0.199
P51532,6ZS2,0.185
P51541,1P52,0.226
P51570,6Q3W,0.303
P51580,,
P51584,5FXM,0.223
P51610,4N39,0.204
P51765,,
P51812,4NW5,0.214
P51813,3SXS,0.191
P51852,2NXW,0.165
P51857,3UZZ,0.236
P51955,5M51,0.255
P51977,,
P52026,1LV5,0.233
P52045,,
P52293,4U5V,0.238
P52333,6GLA,0.275
P52699,6ZYS,0.222
P52700,7BJ8,0.235
P52704,,
P52732,3K5E,0.259
P52799,,
P52895,4JQ1,0.233
P53041,5WG8,0.183
P53323,4WW7,0.203
P53350,3P2Z,0.233
P53355,5AV0,0.223
P53396,5TDE,0.189
P53570,1O97,0.206
P53571,1O97,0.206
P53582,4U6E,0.235
P53597,,
P53634,6IC6,0.19
P53667,6WLY,0.213
P53671,,
P53686,7F51,0.247
P53704,,
P53779,3OY1,0.27
P54422,3WHS,0.186
P54427,6W5E,0.169
P54550,1Z42,0.174
P54577,5THH,0.352
P54619,,
P54651,4XC0,0.205
P54652,5FPE,0.24
P54687,2COI,0.237
P54760,6FNJ,0.232
P54762,,
P54829,6H8R,0.228
P54922,3HFW,0.181
P54958,1YG9,0.172
P54965,2BJF,0.169
P54997,2DE4,0.16
P55042,3Q72,0.349
P55055,6S4N,0.219
P55072,4KO8,0.32
P55201,5FG5,0.344
P55212,4NBK,0.206
P55259,,
P55264,5KB5,0.199
P55789,3U5S,0.365
P55818,1LUA,0.195
P55859,2AI3,0.225
P55899,6QIO,0.223
P56109,,
P56119,4FOS,0.18
P56152,,
P56221,,
P56254,,
P56273,4JRG,0.288
P56431,,
P56463,,
P56470,,
P56524,3UZD,0.224
P56653,,
P56680,1DYM,0.177
P56690,,
P56734,4BCS,0.215
P56740,2NM2,0.413
P56817,4I0G,0.289
P56965,2C6Z,0.142
P58154,,
P58242,5KAR,0.159
P58301,,
P58315,,
P58340,3UBW,0.215
P58399,4YZ7,0.262
P58687,4GUG,0.232
P58880,5DNX,0.145
P58907,5UUY,0.253
P59071,4QF7,0.261
P59169,4PLI,0.231
P59226,6LQF,0.332
P59807,,
P59997,,
P60045,3OSH,0.217
P60327,1UF8,0.189
P60338,4LBW,0.217
P60472,4H3A,0.246
P60477,4H8E,0.141
P60568,1M48,0.246
P60709,6OX3,0.269
P60763,2G0N,0.208
P60864,,
P60900,,
P60953,,
P60955,,
P61006,6ZSI,0.303
P61224,6OQ3,0.277
P61586,3MSX,0.523
P61626,1D6Q,0.255
P61769,4WC8,0.273
P61823,6XHE,0.26
P61830,7F4E,0.234
P61889,5KKA,0.174
P61925,4AXA,0.262
P61926,2GFC,0.214
P61964,6PG6,0.332
P61981,6ZC9,0.236
P62136,,
P62157,1PRW,0.268
P62166,6QI4,0.26
P62258,3UBW,0.215
P62330,2A5D,0.219
P62491,1OIX,0.221
P62508,6I64,0.263
P62575,7A5X,0.244
P62576,,
P62593,1NYY,0.217
P62617,,
P62623,3UWM,0.3
P62694,1DY4,0.178
P62745,2FV8,0.267
P62753,6F4P,0.17
P62805,4YYN,0.254
P62820,,
P62826,3GJ7,0.263
P62834,3KUC,0.239
P62837,6SQS,0.373
P62937,4N1P,0.242
P62942,2DG3,0.243
P62979,6SQS,0.373
P62987,5GOG,0.406
P62992,5XU8,0.214
P62993,2AOA,0.333
P63000,1RYF,0.226
P63043,,
P63073,6U06,0.263
P63086,4GVA,0.271
P63104,6F08,0.278
P63165,6XOG,0.249
P63248,2GNG,0.25
P63261,6WK1,0.231
P63279,5F6V,0.196
P63320,1U8Y,0.198
P63705,,
P65248,4EAQ,0.276
P66881,,
P66937,,
P68082,,
P68135,4B1X,0.248
P68390,1Z7K,0.178
P68400,6YPH,0.314
P68431,4UY4,0.28
P68512,4RUQ,0.134
P68530,,
P68826,6JFO,0.21
P68871,5U3I,0.335
P69441,5EJE,0.343
P69834,5MRM,0.319
P69902,,
P69905,5U3I,0.335
P69910,,
P70158,5FC7,0.193
P70375,5KY3,0.181
P70604,4G28,0.247
P70731,4CO1,0.354
P71278,5LGX,0.196
P71447,5OK1,0.237
P71968,4XRB,0.259
P72583,,
P73954,5O3R,0.219
P74102,4XB5,0.225
P74416,,
P74535,6JV1,0.148
P74746,5JRI,0.268
P74881,1T3T,0.165
P75906,4P7R,0.183
P75960,6RXO,0.232
P76318,,
P76461,,
P77072,,
P77245,,
P77444,6UY5,0.213
P77588,6MAW,0.19
P77781,,
P77872,2A9E,0.179
P77933,,
P78324,4CMM,0.262
P78330,6HYJ,0.248
P78417,6PNO,0.253
P78536,3KMC,0.281
P78540,,
P78573,,
P79074,1KCD,0.131
P79345,1NEP,0.173
P80025,6A4Y,0.315
P80030,1D7O,0.17
P80040,"1UXG, 1UR5",0.189
P80077,,
P80078,,
P80147,,
P80188,6QMU,0.244
P80324,1C0P,0.132
P80457,,
P80484,,
P80561,1TF8,0.121
P80644,4PTZ,0.254
P80884,6MIS,0.201
P80912,1RZY,0.201
P81122,,
P81180,6X7H,0.159
P81186,,
P81245,1E00,0.232
P81371,4XTP,0.218
P81446,4EB2,0.24
P81461,4CZS,0.231
P81947,,
P82543,,
P82597,,
P82610,4L6H,0.224
P83194,,
P83310,5BKD,0.216
P83512,,
P83686,3W2F,0.207
P83749,2J7P,0.226
P83817,1US5,0.177
P83818,1USF,0.192
P84078,1J2J,0.192
P84080,1S9D,0.217
P84131,1R2Z,0.2
P84141,1RWC,0.217
P84228,,
P84243,3MUK,0.25
P84253,6GWB,0.186
P84308,6GWB,0.186
P84801,2NU5,0.187
P84853,3LE7,0.286
P84854,,
P84887,2HJB,0.214
P84888,2HJB,0.214
P86383,,
P86993,5T54,0.171
P90498,,
P90551,1M66,0.21
P90613,"1PZH, 1PZG",0.167
P93025,4EEP,0.296
P93114,5AV7,0.282
P93819,,
P93836,7E0X,0.243
P94368,3RQ8,0.191
P94678,3FXU,0.256
P94692,,
P94968,,
P95480,2APG,0.231
P95607,3I4Y,0.258
P95649,,
P95748,3PFH,0.233
P96356,6Y5U,0.217
P96558,3H4T,0.155
P96762,3TDW,0.207
P96787,6GUZ,0.238
P96965,1UK6,0.172
P97084,1LC7,0.213
P97287,5VX2,0.224
P97477,,
P97571,1TLO,0.213
P97612,,
P98088,5AJN,0.253
P98170,6GJW,0.282
P99165,5XZA,0.229
P9WFF5,,
P9WFF7,4ONC,0.198
P9WFK7,,
P9WFQ9,4WS8,0.183
P9WFV1,5AGT,0.184
P9WFX5,4IJ1,0.225
P9WFX7,,
P9WG29,4EMN,0.185
P9WGR1,5UGU,0.25
P9WH11,1UPI,0.241
P9WH13,6B5K,0.218
P9WHE9,2C94,0.198
P9WHJ3,5I0A,0.193
P9WHR7,6A2T,0.306
P9WI73,4Y0X,0.265
P9WI81,3ORO,0.256
P9WID5,6C9Q,0.265
P9WIL5,3IVX,0.221
P9WIQ3,,
P9WIT9,,
P9WJJ5,4S1O,0.221
P9WJM7,1OZP,0.202
P9WK17,5E9X,0.304
P9WK19,3PKC,0.175
P9WK45,4ZRA,0.248
P9WKD3,4Q8I,0.232
P9WKD7,,
P9WKE1,4UNR,0.235
P9WKG7,3PYG,0.229
P9WKI7,5UPV,0.182
P9WKJ1,5DJG,0.215
P9WKK7,,
P9WKL5,,
P9WMC1,5MWO,0.269
P9WML5,,
P9WML9,6KHH,0.218
P9WMM5,,
P9WMN3,,
P9WN93,,
P9WN95,,
P9WNH5,,
P9WNP1,5DU4,0.195
P9WNS1,,
P9WNS5,1SNF,0.192
P9WNV3,2IRX,0.189
P9WNX1,6VSD,0.272
P9WNY5,5Y8J,0.18
P9WP01,3SCZ,0.183
P9WP53,5I7R,0.212
P9WP99,,
P9WPA5,6QMI,0.249
P9WPC9,6CN8,0.174
P9WPE1,1U5V,0.216
P9WPF3,,
P9WPG7,6H5A,0.228
P9WPL5,,
P9WPN5,,
P9WPN8,5LI6,0.2
P9WPP1,,
P9WPP3,6T0L,0.212
P9WPP7,6RQD,0.243
P9WPP9,2CI0,0.196
P9WPQ5,6NL4,0.268
P9WPX7,4V0S,0.247
P9WPY3,2IYU,0.3
P9WPY5,,
P9WPY9,,
P9WPZ7,,
P9WPZ9,2I3G,0.189
P9WQ01,,
P9WQ75,3HT5,0.203
P9WQ77,2CJG,0.164
P9WQ80,,
P9WQ81,4CXQ,0.175
P9WQA3,,
P9WQA9,,
P9WQD9,5W2Q,0.208
P9WQG9,,
P9WQN9,4QDU,0.161
Q00017,1DEX,0.172
Q00022,1Y2V,0.175
Q000H7,4L1A,0.239
Q00168,5FG8,0.289
Q00433,,
Q00441,1Z8O,0.189
Q00456,5TDU,0.215
Q00457,5TDU,0.215
Q00459,5TDU,0.215
Q00460,5TDU,0.215
Q004B5,4BHL,0.217
Q00511,3OBP,0.237
Q00535,,
Q00610,4G55,0.2
Q00688,5GPG,0.194
Q00944,4D58,0.225
Q00959,6UZG,0.283
Q00987,5LAV,0.306
Q01064,5UOY,0.236
Q01094,5M9N,0.268
Q01234,1NEC,0.194
Q01292,,
Q01469,,
Q01594,2HOR,0.195
Q01693,3VH9,0.139
Q01705,,
Q01738,1PL3,0.19
Q01782,,
Q01786,2CKS,0.151
Q02127,6VND,0.202
Q02150,4GK8,0.182
Q02280,5FG8,0.289
Q02567,3M8M,0.136
Q02745,,
Q02750,3EQI,0.277
Q02790,4DRJ,0.23
Q02899,4H6K,0.238
Q02PF8,,
Q02RJ6,,
Q02RY8,,
Q03111,6T1J,0.307
Q03131,2FR1,0.227
Q03161,,
Q03164,5F5E,0.281
Q03181,5U41,0.292
Q03445,5DT6,0.193
Q03555,5ERV,0.21
Q03705,4WW7,0.203
Q04081,,
Q04206,6YOY,0.214
Q04416,3R37,0.232
Q04544,2IPH,0.188
Q04609,6H7Y,0.203
Q04637,,
Q04760,3W0U,0.215
Q04771,"6T8N, 6TN8",0.294
Q04828,3GUG,0.25
Q04830,,
Q04ML5,4NU0,0.256
Q05097,6YO3,0.356
Q05115,3IXL,0.236
Q05127,4IBC,0.249
Q05315,6L6C,0.26
Q05397,4EBV,0.241
Q05581,,
Q05586,5H8Q,0.206
Q05603,4KQJ,0.206
Q05769,,
Q06121,3NZ1,0.2
Q06124,3TKZ,0.271
Q06135,5O9P,0.24
Q06187,6YYG,0.29
Q06287,3OIN,0.293
Q06528,,
Q06994,"6Y6I, 5N80",0.225
Q06A71,,
Q07010,6APV,0.306
Q07343,3GWT,0.241
Q07412,,
Q07817,6O0O,0.33
Q07820,6QZ6,0.321
Q07869,6KXX,0.271
Q07889,5OVE,0.325
Q07890,,
Q07960,1OW3,0.179
Q07WU7,1Q9I,0.171
Q08210,6GJG,0.265
Q08345,6FEW,0.281
Q08467,6Z1C,0.261
Q08499,6IND,0.246
Q08601,4F6O,0.181
Q08602,3HXD,0.216
Q08603,3HXD,0.216
Q08638,2CET,0.221
Q08722,4KJY,0.301
Q08881,3MJ1,0.238
Q08AH3,,
Q09472,5KJ2,0.302
Q097N3,6BAF,0.22
Q09HD0,4H8R,0.144
Q09LY5,,
Q0B2F6,4N15,0.244
Q0B4G1,3ZZV,0.254
Q0CCT3,6EOH,0.23
Q0CMX0,,
Q0DPB7,7ERX,0.239
Q0E9H9,4XHQ,0.252
Q0ED31,4DKP,0.26
Q0INY7,1WDD,0.163
Q0P7Y3,,
Q0P864,6W3R,0.197
Q0P8G4,,
Q0P8I6,7ANC,0.199
Q0P8Q4,5A1J,0.32
Q0P9D1,5T2Y,0.196
Q0PC20,6AYT,0.258
Q0S4Q9,"4AT0, 4AT2",0.167
Q0S7P9,,
Q0S7Q0,,
Q0S9X1,,
Q0SBK1,,
Q0SFK6,,
Q0TTH1,,
Q0UIL6,5XAO,0.26
Q10469,5VCM,0.217
Q10471,5AJN,0.253
Q10714,4CA8,0.203
Q10QA5,5YZ7,0.222
Q11174,6LE7,0.265
Q12051,,
Q12053,5KBZ,0.226
Q122C7,4MNI,0.212
Q12306,6P81,0.253
Q12737,6IQZ,0.158
Q12797,7BMJ,0.285
Q12830,6LU6,0.332
Q12852,5CEQ,0.236
Q12866,7AB1,0.301
Q12879,5H8Q,0.206
Q12888,3LH0,0.275
Q128M1,4MIJ,0.139
Q12918,5MGR,0.203
Q12931,5F5R,0.233
Q12962,3M57,0.214
Q12QS6,3T2W,0.193
Q13009,4GVD,0.263
Q13093,5JAU,0.254
Q13126,5TC5,0.26
Q13153,3Q52,0.226
Q13164,5BYZ,0.197
Q13185,3TZD,0.188
Q13191,,
Q13231,5NRF,0.163
Q13237,,
Q13427,,
Q13451,"4DRP, 5DIV",0.277
Q13477,4HD9,0.217
Q13490,4MU7,0.243
Q13526,6O33,0.28
Q13541,,
Q13546,4ITJ,0.225
Q13569,4Z47,0.404
Q13572,,
Q13614,1ZVR,0.248
Q13627,7A4O,0.221
Q13635,6RTX,0.228
Q13641,4CNM,0.216
Q13822,,
Q13882,6CZ3,0.202
Q13976,6C0T,0.261
Q13AR6,,
Q13WK4,,
Q14145,6V6Z,0.198
Q14149,5SVX,0.173
Q14289,4H1M,0.275
Q14376,1EK5,0.181
Q14653,5JEO,0.213
Q14676,3UOT,0.283
Q14680,5M5A,0.253
Q14781,,
Q14790,"3KJN, 3KJQ",0.175
Q15047,4X3S,0.222
Q15059,5A7C,0.27
Q15080,1W70,0.192
Q15109,,
Q15119,7EBH,0.263
Q15286,6IF3,0.196
Q15311,6ZRN,0.245
Q15369,6I7R,0.217
Q15370,6I7Q,0.26
Q15382,3T5G,0.2
Q15418,5V62,0.21
Q15466,4ONI,0.18
Q15562,6UYC,0.296
Q15596,4ZNT,0.275
Q15648,3W0I,0.29
Q15661,5F03,0.244
Q15750,,
Q15782,4P8W,0.232
Q15788,5MWY,0.282
Q15796,6YIA,0.173
Q15828,,
Q15907,2F9L,0.219
Q15910,,
Q15GI4,,
Q15KI8,2II6,0.237
Q16222,,
Q16512,4OTH,0.215
Q16539,6ZQS,0.318
Q16552,,
Q16602,6ZIS,0.251
Q16611,6UXQ,0.212
Q16620,,
Q16644,3FHR,0.244
Q16651,3FVF,0.237
Q16654,2E0A,0.195
Q16658,6I17,0.257
Q16665,5L9B,0.285
Q16695,3MO8,0.196
Q16763,6QHK,0.238
Q16769,2AFW,0.196
Q16773,,
Q16790,6QN2,0.247
Q16878,6BPU,0.187
Q16BC9,4PCD,0.213
Q16CN9,,
Q17427,,
Q17CS8,1YIZ,0.223
Q18014,3ZY5,0.245
Q180K0,,
Q183G9,4DQ6,0.188
Q183R7,6R59,0.266
Q188Q3,6UE2,0.227
Q18CL1,6Q03,0.21
Q18DH8,,
Q194T1,,
Q1ALD4,,
Q1CVJ4,7BNR,0.209
Q1D4I1,5HWQ,0.172
Q1DB04,6H17,0.152
Q1EMV2,3KVI,0.228
Q1HRL7,6OII,0.229
Q1JUQ0,3FKR,0.212
Q1JV70,3IR8,0.201
Q1K8B6,5TKI,0.218
Q1LCS4,6VI6,0.265
Q1PX48,4N4J,0.135
Q1QD51,,
Q1QT89,,
Q1QUN2,4P3L,0.194
Q1RBS0,,
Q1W6B1,4A2G,0.161
Q1XAB1,,
Q1XGK3,5D2H,0.232
Q1ZS18,5EP4,0.187
Q21LI5,,
Q21MB1,,
Q24451,6RRU,0.222
Q24973,,
Q25252,5TYM,0.273
Q26966,1S0I,0.167
Q26997,1QK4,0.206
Q27701,,
Q27709,4MRX,0.205
Q27743,1T2E,0.175
Q27974,,
Q28175,,
Q283U5,4DQ5,0.187
Q28943,,
Q28CB4,5OJN,0.2
Q29122,4DBR,0.214
Q29460,,
Q29495,,
Q2EEY0,,
Q2FCL6,,
Q2FIA5,4EQR,0.246
Q2FUY3,,
Q2FWC7,,
Q2FWK4,6VO2,0.189
Q2FXB0,,
Q2FXC2,3UFA,0.231
Q2FZ89,,
Q2FZP6,4C13,0.21
Q2FZQ4,5F29,0.31
Q2G0Q5,5ETS,0.201
Q2G160,5A8G,0.234
Q2G2P5,4XKR,0.215
Q2G542,5UUN,0.142
Q2GA76,5J54,0.197
Q2GA79,,
Q2GB12,4C9P,0.192
Q2IR47,4DQD,0.179
Q2IU02,6OOX,0.299
Q2IU40,,
Q2JZQ5,4RY0,0.208
Q2KDT2,,
Q2KDX6,4KAD,0.249
Q2LG68,4CB6,0.265
Q2LKZ0,,
Q2M1P5,4A14,0.206
Q2M2I8,5L4Q,0.253
Q2M3X8,4B1X,0.248
Q2MG72,5U19,0.213
Q2MGH6,,
Q2PAJ1,6KLJ,0.188
Q2PHL4,"3LEI, 4GWJ",0.201
Q2QJL3,,
Q2RGM7,,
Q2SZE4,,
Q2T3G7,,
Q2T5A3,5GLD,0.169
Q2T5S0,5UFM,0.173
Q2TCH5,3GB3,0.238
Q2TJB8,4E2B,0.145
Q2TR58,5BOH,0.319
Q2U1F3,6ZEQ,0.193
Q2U8V9,,
Q2U8Y3,6TBQ,0.266
Q2V6H4,3WL1,0.16
Q2VEQ7,,
Q2YQ74,3PY5,0.19
Q2YQQ9,4JV3,0.178
Q2YUF3,6BUL,0.196
Q309D1,2C25,0.21
Q30C70,4X35,0.162
Q30W70,,
Q31093,,
Q32ZE1,6L4Z,0.351
Q38087,,
Q381H3,4FKY,0.167
Q385E8,,
Q38825,,
Q389T8,,
Q38F42,,
Q39054,6RMS,0.228
Q39255,,
Q396C5,,
Q396C9,3JUP,0.263
Q39QF5,,
Q3IWB0,,
Q3JK38,4FN2,0.231
Q3JNW6,,
Q3JRA0,3MBM,0.258
Q3K5N8,,
Q3L887,6KPT,0.319
Q3LSM4,2HUI,0.174
Q3SAW3,5EUA,0.207
Q3SX13,4C34,0.244
Q3U4G3,,
Q3UKX1,5FUL,0.203
Q3UZZ6,,
Q3ZC95,4Y93,0.297
Q3ZD72,,
Q3ZDM6,3L67,0.241
Q40577,5ILI,0.225
Q41736,3LVB,0.187
Q43295,4FXP,0.236
Q43758,5L86,0.244
Q44467,2E77,0.218
Q45135,,
Q45458,,
Q45462,6EYL,0.21
Q45697,5Z2B,0.224
Q45U61,3TBJ,0.197
Q46079,,
Q460N3,7F43,0.252
Q460N5,6WE4,0.28
Q46220,,
Q46509,,
Q46604,1WLK,0.206
Q46822,,
Q46877,6ETB,0.441
Q46893,1I52,0.231
Q46925,5FT4,0.2
Q46927,4YED,0.214
Q46E79,4FFR,0.201
Q46E80,,
Q47030,6BBZ,0.412
Q47066,1IYO,0.189
Q47155,5YUU,0.373
Q47396,,
Q47506,,
Q47510,3R95,0.176
Q47511,,
Q47NQ8,4JVT,0.182
Q47NR5,,
Q47PU3,1W4X,0.227
Q48255,4B6S,0.252
Q48436,3WYE,0.178
Q48935,4ZUN,0.145
Q48MT7,,
Q49492,,
Q49A26,,
Q4D3W2,,
Q4DA73,4YUV,0.212
Q4DJ68,6W2N,0.222
Q4DRC4,1I14,0.197
Q4FQF7,6FCY,0.376
Q4FRT2,6ZZP,0.174
Q4G1L2,,
Q4GWU5,,
Q4JA33,4OPC,0.156
Q4JB16,4CNF,0.312
Q4K4R5,4IBP,0.246
Q4K8M0,,
Q4K977,6UND,0.195
Q4K9X1,3FJ4,0.194
Q4MV79,,
Q4Q5S8,4CGL,0.285
Q4QBL1,,
Q4QDU3,,
Q4QEW7,3TRO,0.21
Q4R2T2,,
Q4U331,2CWF,0.171
Q4V3E2,4PLI,0.231
Q4VCS5,,
Q4W2K4,3I6Q,0.241
Q4W6L6,4MNM,0.189
Q4W803,,
Q4WAW9,6OXH,0.238
Q4WCL5,,
Q4WCU5,6TDH,0.236
Q4WH08,4CHI,0.152
Q4WL81,6YGE,0.228
Q4WM08,4V1Z,0.186
Q4WP27,,
Q4WP32,6HA5,0.188
Q4WPS9,,
Q4WQS0,,
Q4WW81,4D4U,0.217
Q4WZA5,5J5K,0.22
Q4WZB3,,
Q4X158,5EGP,0.173
Q504Y3,,
Q50EJ2,2NT8,0.194
Q50KB2,7BYT,0.136
Q51507,3RET,0.252
Q51578,4WBG,0.198
Q51658,,
Q51792,5IWE,0.181
Q51793,1TY9,0.215
Q51817,,
Q51918,5U5M,0.229
Q51948,2IMF,0.189
Q52012,4RA1,0.207
Q52424,6VTA,0.178
Q52428,1B8A,0.164
Q52437,2GR1,0.24
Q52675,4DMR,0.175
Q52L64,2FD6,0.255
Q52VH2,,
Q53793,,
Q53908,1N5S,0.205
Q53U08,6CBM,0.187
Q53UG8,,
Q54276,1UR8,0.221
Q54468,"1C7T, 1C7S",0.178
Q54528,1Q0Z,0.176
Q54727,,
Q54873,1OJO,0.217
Q54AI1,4GPC,0.197
Q55467,4QDK,0.22
Q55891,3I8U,0.185
Q56026,3O01,0.261
Q56187,3QUN,0.225
Q56232,,
Q56310,1I5A,0.241
Q56313,1IN6,0.226
Q56839,,
Q56F26,,
Q570C0,,
Q57193,5LZH,0.24
Q57514,,
Q57556,5HYA,0.2
Q57564,,
Q57834,4PBR,0.283
Q57U83,2B4G,0.238
Q57VC7,2F2T,0.208
Q57ZH3,4DKB,0.218
Q57ZL6,4I74,0.175
Q58194,"3F47, 3F46",0.21
Q581W1,3JQ8,0.251
Q58206,"1L2T, 3TIF",0.222
Q58435,3GRV,0.262
Q58504,1H74,0.236
Q58597,4RRG,0.23
Q58830,5DY9,0.198
Q58933,,
Q58989,1L7P,0.232
Q58EU8,1RUA,0.205
Q58F21,5VBR,0.186
Q58NS4,6Z8G,0.291
Q58VP7,,
Q59034,,
Q59196,2C0R,0.182
Q59263,"5A89, 5A8A",0.191
Q59310,2BF6,0.124
Q59401,1GA0,0.192
Q59470,,
Q59471,,
Q59472,,
Q59523,,
Q59643,2C14,0.169
Q59771,,
Q5A3V6,,
Q5A4W8,5N17,0.239
Q5AAJ8,7BXW,0.201
Q5AR53,5DAQ,0.235
Q5AU62,1K6X,0.196
Q5C9L2,6NEJ,0.22
Q5C9L7,5ICF,0.179
Q5CCJ4,,
Q5CR27,,
Q5DL24,,
Q5DSM6,3RUO,0.197
Q5EEL8,3UAX,0.153
Q5EK29,4S1L,0.163
Q5EK40,3KI5,0.24
Q5F4T5,4Z4Y,0.524
Q5FAJ3,6YKS,0.217
Q5H3Z2,6IKT,0.231
Q5H4T8,,
Q5HCZ5,3V4E,0.232
Q5HJD7,,
Q5HSJ4,,
Q5JD03,5X0F,0.275
Q5JIH3,5AUN,0.208
Q5JIH4,5AUN,0.208
Q5JII7,3WJQ,0.192
Q5KST5,1X1T,0.184
Q5KW80,6F65,0.231
Q5KWC1,,
Q5KZU5,4HA0,0.37
Q5L1E2,,
Q5LH68,,
Q5LLW6,,
Q5LSJ5,4PAF,0.2
Q5M586,,
Q5NEQ5,,
Q5NFC4,3M5P,0.207
Q5NFX0,3TNO,0.187
Q5NGE8,4MA0,0.265
Q5NHF3,,
Q5NHF4,,
Q5NLA1,4OT7,0.198
Q5P8S7,4URE,0.207
Q5QT35,,
Q5RJP0,3O3R,0.232
Q5RZ08,6U7O,0.199
Q5S007,5MYC,0.185
Q5S3G7,3NF0,0.337
Q5S3G8,2H5P,0.164
Q5S6Z9,6GOY,0.197
Q5SHB0,4UUW,0.22
Q5SHX3,5ZB4,0.226
Q5SHZ3,6U1D,0.205
Q5SI02,2J5N,0.149
Q5SI12,2CZL,0.173
Q5SI56,2DKJ,0.136
Q5SID2,3G5S,0.189
Q5SIE3,2CZ8,0.209
Q5SII2,,
Q5SJ64,,
Q5SJ65,2DP6,0.181
Q5SJ79,,
Q5SJ80,,
Q5SJ82,3T1O,0.212
Q5SJC8,2GQT,0.184
Q5SJF8,2CY0,0.242
Q5SJP8,,
Q5SJV7,,
Q5SJY9,,
Q5SKW0,,
Q5SKW5,3X0N,0.183
Q5SL04,6A0T,0.169
Q5SL35,7CKJ,0.168
Q5SLB4,7C0S,0.264
Q5SLD7,6JAO,0.186
Q5SLE6,1VE1,0.176
Q5SLE7,,
Q5SLI8,4S3B,0.188
Q5SLI9,,
Q5SLK6,2EQ7,0.204
Q5SLL8,4X3L,0.234
Q5SLR0,2EQ8,0.226
Q5SLV2,2DZA,0.23
Q5SM19,2EJ0,0.162
Q5SM60,3FUW,0.236
Q5SMC7,,
Q5SQI0,3VWE,0.275
Q5T0W9,,
Q5TA50,,
Q5TCY1,4NFN,0.19
Q5TLG6,4EMQ,0.323
Q5U925,4EHT,0.227
Q5UEA2,3ZZ9,0.291
Q5UFR5,,
Q5UPL1,,
Q5UQ27,5XC5,0.17
Q5UQL3,3EJM,0.192
Q5VT66,,
Q5VVY1,6KDS,0.243
Q5VWG9,5XMY,0.246
Q5W271,5ZW8,0.19
Q5W9R9,,
Q5WWY0,,
Q5Y389,6R0T,0.206
Q5YD59,,
Q5ZIS0,,
Q5ZUA2,4BRN,0.21
Q5ZX43,,
Q60187,3TIV,0.167
Q60358,6LDS,0.194
Q60364,,
Q60365,,
Q60381,,
Q60675,5IK5,0.207
Q60AR3,,
Q60AR6,,
Q60GU1,2DVU,0.173
Q61026,1L2I,0.226
Q62636,3X1Y,0.187
Q62645,3OEM,0.225
Q63273,3OM1,0.21
Q63R74,,
Q63T97,,
Q64105,,
Q643B8,4JME,0.194
Q643B9,,
Q64610,5S9M,0.195
Q64823,4XQA,0.212
Q652L6,5JCI,0.186
Q65LG7,,
Q65XA0,5D9W,0.268
Q66972,2HAH,0.208
Q66DQ2,5ZOC,0.256
Q66GI4,4G24,0.222
Q672W7,4E9B,0.187
Q67A25,5NON,0.282
Q68FT9,,
Q68G84,,
Q68T42,,
Q6A8X5,2BA9,0.264
Q6B0I6,6H11,0.241
Q6B6C5,6DH3,0.234
Q6B856,,
Q6BCB5,,
Q6CSZ6,,
Q6DE08,2BFY,0.207
Q6DN99,2CDO,0.229
Q6DNF1,,
Q6DRA1,6TZI,0.269
Q6EZB3,6TTO,0.173
Q6FNA9,3G59,0.204
Q6FPH0,3QLZ,0.263
Q6FUW5,4D3W,0.174
Q6GEY3,,
Q6GHP9,,
Q6GJI9,,
Q6I7B2,,
Q6I7B7,,
Q6IDD9,,
Q6IQ55,6U0K,0.259
Q6JP75,4EV4,0.163
Q6JV24,,
Q6L545,,
Q6LX54,,
Q6MJ59,6SD8,0.22
Q6MM15,6ZN7,0.226
Q6MPU8,6HC1,0.188
Q6MX39,,
Q6N021,,
Q6N0W9,,
Q6N8W4,4JB0,0.228
Q6NAM1,6QHP,0.279
Q6NC13,,
Q6NLS5,6TH0,0.255
Q6NQ79,6LQF,0.332
Q6NS38,3S5A,0.331
Q6NXT2,5BWN,0.236
Q6NZB1,6SQ4,0.211
Q6P4V5,,
Q6P6M7,,
Q6P988,4UZQ,0.342
Q6PJP8,,
Q6PKG0,,
Q6PL18,5A5Q,0.26
Q6PW77,3HSU,0.193
Q6QBS4,,
Q6QVT7,,
Q6QWR1,,
Q6RKB1,5MSD,0.201
Q6RYW5,,
Q6SJ71,,
Q6SJQ7,6E47,0.273
Q6SJY7,,
Q6SVB6,5EPQ,0.245
Q6SZW1,6O0Q,0.272
Q6TFC5,,
Q6TFC6,3FS8,0.197
Q6TMG6,5Z4V,0.175
Q6TUJ5,4IU1,0.265
Q6V7J5,6LAH,0.219
Q6VAB4,6ING,0.239
Q6W7J7,,
Q6WAU1,5L4S,0.179
Q6WVP7,,
Q6WY08,3WG4,0.191
Q6WZB0,6Y0N,0.243
Q6X3H6,5CFT,0.17
Q6XEC0,4S2P,0.315
Q6XHB2,4F0F,0.215
Q6XQ58,,
Q6XV27,1V0Z,0.158
Q6YGZ0,3LVD,0.182
Q6YMS4,,
Q6ZZJ7,3H4T,0.155
Q704V1,,
Q70AY4,,
Q70ET3,3H5Y,0.277
Q70GK9,,
Q70I53,6GJK,0.166
Q70KD9,5Z83,0.183
Q70KY3,,
Q70SY0,,
Q716H3,5C2F,0.207
Q71DI3,6ACE,0.27
Q72498,3VQ8,0.26
Q72AS3,,
Q72AS4,,
Q72GF3,3MWL,0.247
Q72HI0,3ZOE,0.247
Q72JG5,3VVF,0.22
Q72K29,,
Q72KY0,,
Q72L89,,
Q72LL6,,
Q739M9,,
Q746K1,2J6V,0.2
Q746X3,,
Q756Z6,,
Q75I93,,
Q75WH8,2I57,0.168
Q75WP3,,
Q75WT9,,
Q763K9,3FRI,0.22
Q765A9,6IWE,0.269
Q76BV4,4O8O,0.125
Q76NL8,,
Q76VI8,,
Q77VV3,5IVQ,0.2
Q79FX8,,
Q79G13,1UOZ,0.111
Q79MP6,1JJT,0.271
Q79PF4,,
Q7A1I3,,
Q7A4T2,7D8L,0.25
Q7BNC2,6SKR,0.225
Q7CRA4,,
Q7CSI0,,
Q7D447,5L9O,0.281
Q7DD94,,
Q7DGD4,,
Q7DJJ2,4M1U,0.186
Q7JQ07,,
Q7JYX0,7DB1,0.212
Q7KZF4,3OMG,0.234
Q7L266,4O0F,0.242
Q7L8A9,"6J7B, 6OCG",0.232
Q7LBC6,,
Q7LIJ0,1GPI,0.236
Q7LZ71,1J35,0.244
Q7M135,4NSY,0.195
Q7M462,1WMZ,0.169
Q7MX62,,
Q7N8I8,6RG1,0.393
Q7N8J0,5C9P,0.161
Q7NWG4,,
Q7NX84,2BOI,0.116
Q7NZ90,4F0R,0.181
Q7PVS6,2IMI,0.449
Q7S860,,
Q7SIB6,1KL1,0.157
Q7SIB7,1VJD,0.191
Q7SIC2,,
Q7SID9,1I19,0.171
Q7SSI0,3S43,0.28
Q7T2Q0,1UKM,0.214
Q7T2Q1,1UKM,0.214
Q7V6D4,,
Q7WT50,,
Q7WTT9,,
Q7WTU0,,
Q7WUJ1,,
Q7WY78,6MPS,0.254
Q7WYA8,6R79,0.25
Q7X2H8,,
Q7X9A9,,
Q7XT97,5TME,0.196
Q7YS85,5Z3S,0.187
Q7YT09,5HA0,0.187
Q7YW97,,
Q7Z2E3,6CVP,0.351
Q7Z4W1,1PR9,0.163
Q7Z8P9,,
Q7ZA32,3K4B,0.254
Q7ZCI0,6OPU,0.272
Q7ZCL6,1ZBG,0.223
Q7ZCR0,6DGY,0.246
Q7ZUW7,,
Q7ZWC3,5HZX,0.236
Q80BK4,1YM8,0.239
Q80J94,6E47,0.273
Q80X44,,
Q816E8,5CL8,0.265
Q818Z9,3TWZ,0.172
Q81G35,6FT1,0.315
Q81G57,,
Q81GI3,5YCS,0.17
Q81VW8,4NHV,0.251
Q82134,3LIY,0.241
Q82GL5,7CL9,0.225
Q82IZ1,,
Q82P90,,
Q82Y41,4LCN,0.215
Q830N7,,
Q832K9,,
Q833V2,,
Q83467,,
Q834W6,,
Q836J0,2JFP,0.221
Q837S0,4ZEF,0.181
Q837U7,4A8T,0.156
Q837V6,,
Q83883,6W5K,0.289
Q83884,6H70,0.193
Q839Z1,4KTN,0.177
Q83V33,,
Q83WS1,5Z0I,0.159
Q83WS2,5Z0I,0.159
Q84527,,
Q84AR1,3JWB,0.21
Q84BQ9,,
Q84CU3,1V8V,0.202
Q84EX5,1ZK0,0.176
Q84FS5,,
Q84FS6,,
Q84HF5,5Y7A,0.241
Q84II6,6LLM,0.2
Q859P9,,
Q86169,4DS0,0.172
Q868M7,,
Q86C09,,
Q86PD7,4FBE,0.223
Q86TU7,6OX3,0.269
Q86U44,5IL2,0.224
Q86U70,,
Q86U86,6ZS3,0.403
Q86UU0,4UP5,0.214
Q86W56,6OA3,0.225
Q86WV6,4QXO,0.224
Q86X55,,
Q873X9,2IUZ,0.19
Q874E3,2CL2,0.144
Q87EL2,,
Q88E47,,
Q88H32,1X7D,0.159
Q88IY3,4C0X,0.176
Q88JH0,6ZCW,0.167
Q88K39,,
Q88N39,,
Q88NF7,2H90,0.19
Q88PD0,4AEO,0.228
Q88QT2,4Y7U,0.286
Q89YQ6,3INA,0.202
Q89ZI2,2CHN,0.223
Q8A0N4,6TCW,0.186
Q8A3I4,,
Q8A861,3IJI,0.176
Q8A921,5MUI,0.185
Q8AAK6,,
Q8BCA3,,
Q8BHN3,,
Q8C0L6,5LAE,0.212
Q8C6L5,5XZG,0.332
Q8C6P8,,
Q8C7D2,4TZC,0.21
Q8CBB9,5VSL,0.22
Q8CHT0,,
Q8CVD0,"6T87, 6T88",0.157
Q8DH45,2J8Y,0.248
Q8DHX3,6GFQ,0.163
Q8DIW5,6GFR,0.206
Q8DLC2,4U0O,0.23
Q8DLC7,6UPP,0.218
Q8DP07,,
Q8DP79,2AIA,0.242
Q8DQB5,4LP0,0.244
Q8DQH4,6Z63,0.196
Q8DR52,,
Q8DTD1,,
Q8E378,5JF3,0.19
Q8E9N3,3WZW,0.215
Q8EBV3,"5K1M, 5K1Q",0.185
Q8EEC8,2GQ9,0.212
Q8EG04,,
Q8EGW2,,
Q8EGW3,,
Q8EP31,5L9Q,0.266
Q8GCA8,5OV6,0.265
Q8GGK7,4HC3,0.274
Q8GGP1,,
Q8GI16,,
Q8GIP9,1OC2,0.183
Q8GIQ0,1NYW,0.2
Q8GKX2,5N58,0.258
Q8GSD2,2GNM,0.211
Q8H1R0,,
Q8I0P1,6P12,0.237
Q8I384,3SL0,0.19
Q8I3X4,6AQS,0.225
Q8I4S1,,
Q8I4V8,4QT2,0.203
Q8I4W8,4R1E,0.231
Q8I4X0,6I4L,0.296
Q8I5R7,6T7K,0.22
Q8I6J8,,
Q8I8I2,,
Q8IDJ8,,
Q8IDQ9,4FGZ,0.276
Q8IDR3,4R1E,0.231
Q8IEE9,4ZCP,0.216
Q8IEW2,6S7M,0.288
Q8II73,4CXM,0.194
Q8II92,3T70,0.215
Q8IJ74,,
Q8IJH3,,
Q8IKG4,4Y6R,0.227
Q8ISF8,6XWY,0.251
Q8IU60,,
Q8IV08,,
Q8IWA4,5GOF,0.208
Q8IXJ6,4RMG,0.406
Q8J136,2F6C,0.195
Q8JJ25,5L8K,0.241
Q8JUX6,6W7H,0.258
Q8JW44,,
Q8K4V4,5EM9,0.23
Q8KMX3,,
Q8KRB7,,
Q8KRS7,6ET8,0.226
Q8L5C6,1OM0,0.187
Q8L794,5HTV,0.181
Q8L7C9,5ECS,0.172
Q8L940,,
Q8LAD7,5IXQ,0.248
Q8LPL7,6J4T,0.198
Q8MNY2,3S3Q,0.214
Q8MS48,5EHM,0.226
Q8N1Q1,6G5U,0.216
Q8N300,"6J7B, 6OCG",0.232
Q8N371,7DYV,0.247
Q8N4A0,,
Q8N4Q0,2C0C,0.204
Q8N539,,
Q8N5Z0,5TF5,0.24
Q8N6T7,6QCE,0.445
Q8N884,6LRC,0.223
Q8N8N7,,
Q8N8S7,5NC2,0.244
Q8NAP3,,
Q8NB16,,
Q8NB78,,
Q8NBK3,5SSY,0.314
Q8NBL1,5L0R,0.234
Q8NBP7,,
Q8NCC3,6MTW,0.289
Q8NET8,6HA6,0.239
Q8NFQ8,,
Q8NFU5,"6M89, 6M88",0.295
Q8NK89,1WD3,0.164
Q8NKB0,5C7Y,0.168
Q8NM29,,
Q8NMG3,,
Q8NRE3,,
Q8NVG0,,
Q8NXI6,3QOL,0.211
Q8P3K2,2HXT,0.14
Q8P8J2,3KZK,0.232
Q8P9V9,5IOW,0.213
Q8PDA8,2NW9,0.167
Q8PDX2,5VXE,0.251
Q8PWY1,5K1X,0.252
Q8PXB3,3WNC,0.232
Q8PYK9,5O86,0.248
Q8Q3H0,2CEM,0.259
Q8RE94,5XEM,0.19
Q8RFH4,6OHL,0.184
Q8RJ47,,
Q8RJY2,,
Q8RJY3,6ECU,0.271
Q8RLA6,3G4P,0.2
Q8RNT4,5LC8,0.201
Q8RQP5,,
Q8T0W7,,
Q8TCD5,4YIH,0.262
Q8TCU6,,
Q8TDQ0,,
Q8TE04,2I7N,0.215
Q8TEQ6,,
Q8TF72,6FCP,0.161
Q8TF76,6Z56,0.207
Q8TFL9,3PFJ,0.124
Q8TL28,2CKI,0.196
Q8TZR3,1JG2,0.212
Q8U093,,
Q8U0R7,,
Q8U194,,
Q8U195,,
Q8U1H5,,
Q8VC28,5UXF,0.165
Q8VDF2,,
Q8VDS3,4X3U,0.267
Q8VPD4,,
Q8VQF6,1T2B,0.239
Q8WQX9,6FDW,0.259
Q8WR62,5IIB,0.24
Q8WS26,6R0B,0.236
Q8WSF8,,
Q8WTS6,3M57,0.214
Q8WWA0,6USC,0.168
Q8WWQ0,5ENJ,0.313
Q8WXE1,4IGK,0.203
Q8WXF7,,
Q8WZA1,5GGK,0.254
Q8WZK8,"3MM2, 3VXI",0.142
Q8WZM3,,
Q8X123,5D62,0.183
Q8X236,3F8P,0.2
Q8XM24,4A45,0.229
Q8XNB2,,
Q8XNK4,,
Q8XNZ3,,
Q8XUA5,1UQX,0.143
Q8XXK6,6STZ,0.193
Q8Y3M3,5ZQC,0.241
Q8Y8D7,6RBU,0.287
Q8YY76,6TJL,0.286
Q8Z6A3,5WHT,0.216
Q8Z9U1,3ZU3,0.252
Q8ZBK7,,
Q8ZKF6,,
Q8ZNF3,1MDO,0.227
Q8ZNP4,5H62,0.206
Q8ZNT7,4D97,0.225
Q8ZPX9,,
Q8ZQ06,4HZM,0.164
Q8ZR43,6KO8,0.23
Q8ZVF7,1WVQ,0.153
Q8ZWV0,1X9I,0.125
Q90249,3I03,0.248
Q903J0,,
Q90K99,3O9A,0.238
Q91IE3,5A96,0.195
Q91MA7,,
Q91VE3,5ZFI,0.219
Q91WR5,2IPG,0.184
Q91ZW2,5KY3,0.181
Q92133,3MEV,0.252
Q92410,,
Q92456,1SZN,0.175
Q92576,6IC9,0.219
Q92731,3OMQ,0.249
Q92769,,
Q92793,5LPL,0.359
Q92794,5B76,0.226
Q92830,1Z4R,0.221
Q92831,5FE6,0.229
Q92835,,
Q92841,6UV4,0.237
Q92871,6CFV,0.218
Q92876,4D8N,0.217
Q92918,,
Q92974,,
Q92997,6ZBZ,0.244
Q92LZ4,5V6Q,0.293
Q93009,,
Q93413,6M6S,0.329
Q936X6,6PI6,0.183
Q939R9,3SW8,0.202
Q93D82,1ZMT,0.187
Q93F76,4QU3,0.199
Q93HT9,6A8I,0.226
Q93J45,3S2M,0.17
Q93LD7,4NP7,0.232
Q93NH4,3K7M,0.209
Q93NW7,3MJT,0.236
Q93RE9,4CVB,0.211
Q93TK0,,
Q93UJ2,5LTZ,0.232
Q93UQ5,,
Q93UV0,4BMK,0.201
Q93VR3,2C5E,0.173
Q93WX6,,
Q93ZG9,7F2J,0.208
Q93ZN9,3EIB,0.18
Q94521,5GIF,0.175
Q945K2,,
Q94734,,
Q948Z4,,
Q94AG2,4LSC,0.19
Q94BU8,7DOX,0.211
Q94C74,,
Q94M05,,
Q95460,,
Q95NY5,3NHT,0.157
Q95PM0,6EXO,0.252
Q96242,,
Q96255,,
Q962Y6,,
Q96533,4L0Q,0.258
Q967M2,,
Q969G6,1P4M,0.226
Q969X0,6RIR,0.226
Q96AT9,,
Q96BM9,1ZD9,0.215
Q96C45,6TSZ,0.241
Q96C86,1ST0,0.209
Q96CA5,"3GT9, 3F7I",0.173
Q96DC9,5QIP,0.206
Q96ES7,3MEV,0.252
Q96GG9,,
Q96HY7,,
Q96I99,,
Q96JN0,"6V3X, 6V3Y",0.168
Q96KQ7,,
Q96L73,,
Q96LA8,5WCF,0.227
Q96LI5,3NGQ,0.241
Q96MU7,6SZ1,0.28
Q96NN9,,
Q96PN6,5IV3,0.22
Q96PU5,6ZC9,0.236
Q96RI1,3L1B,0.283
Q96RR4,6BQP,0.224
Q96SB4,5MY8,0.2
Q96SW2,7BQV,0.221
Q96T66,1NUQ,0.213
Q96T88,3SOW,0.216
Q96TU3,1Y9G,0.181
Q96X16,1RKY,0.172
Q970S6,4E1B,0.233
Q970U6,,
Q97BK3,,
Q97CA5,3NAG,0.224
Q97EM8,6GNA,0.233
Q97FM4,,
Q97ML2,,
Q97R46,,
Q97TX6,,
Q97UL5,,
Q97VM5,,
Q97VT7,5VRK,0.165
Q97VZ7,2I6O,0.19
Q97W02,3QZ8,0.353
Q97W22,5BQP,0.517
Q97W94,,
Q980A5,4RD2,0.208
Q980R9,4LX9,0.267
Q988B7,3RWB,0.145
Q988B8,,
Q988D3,4JY2,0.191
Q989T9,4P7W,0.312
Q98GN8,1VP6,0.198
Q99003,3F64,0.241
Q99036,,
Q99321,7AUN,0.299
Q99418,4JWL,0.261
Q99436,,
Q99466,,
Q99497,6AFH,0.214
Q99538,,
Q99640,5VD3,0.204
Q99685,3PE6,0.158
Q99814,5UFP,0.276
Q99816,3P9H,0.207
Q99933,3LDQ,0.263
Q99986,,
Q99AU2,2D3Z,0.212
Q99J99,5WQK,0.202
Q99JT9,5I8S,0.199
Q99LC4,6C5H,0.241
Q99PJ1,6CV7,0.226
Q99QC1,5F1F,0.166
Q99XG5,,
Q9A8X3,,
Q9A9H3,,
Q9AGP8,1PJ5,0.174
Q9AGY4,4HO3,0.201
Q9AIU0,,
Q9AIU7,5FPO,0.263
Q9AJC4,,
Q9AJW7,3LXR,0.208
Q9ALM8,3UYL,0.245
Q9ALS9,,
Q9ALW2,5UTL,0.214
Q9AMP1,,
Q9AYY6,6GVR,0.19
Q9BE39,,
Q9BJF5,4M84,0.265
Q9BMI9,3FAZ,0.232
Q9BPX1,5JSF,0.245
Q9BQ65,5V1M,0.203
Q9BRQ0,4UP5,0.214
Q9BRQ3,,
Q9BRR9,,
Q9BT30,4QKF,0.373
Q9BV86,6PVA,0.233
Q9BVA6,7B80,0.22
Q9BX68,4INI,0.168
Q9BXH1,,
Q9BY41,4QA4,0.21
Q9BYW2,5LSZ,0.203
Q9BZ11,1R54,0.204
Q9BZ95,4GNG,0.185
Q9BZP6,,
Q9C029,,
Q9C0D0,,
Q9C171,"1GWL, 1W8U",0.172
Q9C1S9,1BVW,0.161
Q9C3Y6,3HJI,0.245
Q9C5U0,3T4T,0.245
Q9C9C9,5MEK,0.21
Q9C9G4,3W52,0.249
Q9CA40,,
Q9CAJ0,4LA7,0.249
Q9CED0,,
Q9CKB0,4IMF,0.239
Q9CPU0,,
Q9D020,4FE3,0.46
Q9D4V7,6VIK,0.233
Q9DTZ2,,
Q9E7M1,3SM2,0.215
Q9EQG7,5VEN,0.218
Q9ESU6,3MUK,0.25
Q9EXV5,5FA7,0.199
Q9EY50,,
Q9F103,,
Q9F118,,
Q9F1Y6,3V1X,0.207
Q9F663,6MLL,0.353
Q9F8A8,,
Q9FCA6,2D09,0.254
Q9FD68,,
Q9FD71,,
Q9FEW9,2HS8,0.282
Q9FN03,6XZL,0.195
Q9FRV0,4J0L,0.175
Q9FUZ2,3PN4,0.238
Q9FVQ6,,
Q9FYY0,,
Q9GK12,,
Q9GN60,,
Q9GPQ4,1KIC,0.174
Q9GZ28,2A56,0.225
Q9GZT4,5X2L,0.261
Q9GZT9,5L9B,0.285
Q9GZV5,6RP6,0.22
Q9GZV9,6S22,0.207
Q9GZZ1,2OB0,0.197
Q9H040,6MDW,0.261
Q9H0H5,,
Q9H0R8,5LXI,0.277
Q9H1K0,1Z0K,0.233
Q9H1K1,,
Q9H227,2E9M,0.211
Q9H2G2,4USF,0.315
Q9H2K2,5AEH,0.268
Q9H2S1,5V03,0.235
Q9H3M7,,
Q9H3R0,5FJK,0.197
Q9H477,6WJZ,0.208
Q9H4G4,1SMB,0.157
Q9H611,6HPQ,0.241
Q9H7B4,5HQ8,0.219
Q9H7M9,6U6V,0.273
Q9H7X0,5HGZ,0.179
Q9H7Z6,2GIV,0.254
Q9H8M2,4Z6I,0.373
Q9H999,6PE6,0.22
Q9H9B1,"6MBO, 6MBP",0.196
Q9HC52,,
Q9HCE5,5IL2,0.224
Q9HD26,5IC3,0.245
Q9HD34,,
Q9HGR1,,
Q9HK51,2DTE,0.201
Q9HKI3,,
Q9HPW4,1MOG,0.18
Q9HU21,2IXI,0.203
Q9HU22,,
Q9HU77,4RDW,0.165
Q9HUM0,3QUI,0.261
Q9HUP2,6UQX,0.235
Q9HUR5,,
Q9HUX5,6PBN,0.203
Q9HV14,4KOV,0.196
Q9HVC3,,
Q9HWJ1,6SW1,0.233
Q9HWU0,5YKT,0.168
Q9HWU9,5WQP,0.196
Q9HWY4,3ZMB,0.249
Q9HX08,,
Q9HX72,,
Q9HXE3,6P9D,0.158
Q9HXM5,5AHM,0.182
Q9HY69,,
Q9HY79,,
Q9HYK7,,
Q9HYN5,6Q8D,0.27
Q9HZ76,3NU7,0.207
Q9HZN8,4E5U,0.254
Q9I0F2,6GI2,0.175
Q9I194,4M1J,0.187
Q9I1X7,2FAQ,0.177
Q9I229,4BB0,0.197
Q9I2V0,5B4A,0.2
Q9I3A4,,
Q9I4G8,5IR5,0.207
Q9I4X3,,
Q9I5Q5,,
Q9I685,,
Q9I6J4,,
Q9I6N5,,
Q9I700,,
Q9I7A8,1IX1,0.186
Q9I7C2,6M1J,0.223
Q9I834,6MQF,0.236
Q9I8L5,,
Q9IGQ6,,
Q9J006,4RVI,0.285
Q9JJX7,5J42,0.244
Q9JN36,4MUS,0.208
Q9JXP1,5MPQ,0.261
Q9JYV4,,
Q9JZ55,,
Q9K169,5D04,0.271
Q9K2N0,7DUY,0.295
Q9K492,,
Q9K499,6AXM,0.209
Q9K4U1,,
Q9KEI9,,
Q9KH42,,
Q9KHK2,,
Q9KKP2,,
Q9KM65,,
Q9KPM0,,
Q9KQG2,4R5M,0.194
Q9KSE5,7AGZ,0.195
Q9KTH2,5V6K,0.209
Q9KTK0,4GHM,0.181
Q9KTW3,,
Q9KU37,1Y65,0.179
Q9KVG7,4XJ3,0.215
Q9KWN0,4END,0.338
Q9KWT5,,
Q9KWT6,1Y3N,0.204
Q9KWY4,,
Q9L0A2,3NYQ,0.201
Q9L0T8,7AN6,0.249
Q9L1K2,,
Q9L2C2,,
Q9L387,5CHM,0.242
Q9L4P2,6N6V,0.192
Q9L5C7,5TW6,0.234
Q9L5C8,3G30,0.232
Q9L6V3,2BGI,0.241
Q9L9D7,3IDA,0.151
Q9LA15,,
Q9LA16,,
Q9LAK3,,
Q9LBJ0,5JE3,0.221
Q9LBX2,,
Q9LCQ7,"3WWC, 3WL8",0.158
Q9LCY2,,
Q9LFT6,6COC,0.207
Q9LLQ2,3E85,0.262
Q9LQT8,,
Q9LS02,2DIO,0.207
Q9LYU4,,
Q9M156,,
Q9M602,"6I73, 6I71",0.149
Q9M9F1,6EP7,0.219
Q9MAA7,,
Q9N1E2,,
Q9N1X4,6BBD,0.247
Q9NAV7,6ONZ,0.264
Q9NAV8,4ILZ,0.263
Q9NDD3,,
Q9NG96,1N8U,0.276
Q9NLB2,,
Q9NNX6,2IT6,0.224
Q9NP87,5VZF,0.295
Q9NPB1,4L6C,0.197
Q9NPC2,3SPR,0.229
Q9NPI1,6V16,0.261
Q9NQG5,,
Q9NQR1,3F9Z,0.237
Q9NQS7,6YIF,0.231
Q9NQU5,4KS8,0.278
Q9NR48,,
Q9NR97,,
Q9NRD5,6BJO,0.164
Q9NRG4,,
Q9NRW1,2E9S,0.207
Q9NRY4,6PXC,0.213
Q9NTG7,5BWN,0.236
Q9NUW8,6N0O,0.223
Q9NV35,7B66,0.205
Q9NVS9,1NRG,0.251
Q9NWT6,7A1K,0.247
Q9NWW6,,
Q9NWZ3,6O8U,0.265
Q9NX46,7ARW,0.186
Q9NXA8,5BWL,0.328
Q9NXS2,3PB7,0.165
Q9NY97,6WMO,0.257
Q9NYL2,6JUU,0.21
Q9NYY3,4I5M,0.307
Q9NZ08,6RYF,0.301
Q9NZ45,6DE9,0.229
Q9NZD2,4GHP,0.239
Q9NZJ5,,
Q9NZK7,5WZW,0.286
Q9NZQ7,5N2F,0.274
Q9P2W7,1V83,0.196
Q9P8C9,,
Q9PPB4,,
Q9PTT3,6GNO,0.235
Q9Q0L9,6BKK,0.264
Q9Q0U9,,
Q9Q2G8,,
Q9QLL6,5EFC,0.225
Q9QVY3,2FMX,0.217
Q9QY93,,
Q9QYJ6,2O8H,0.241
Q9QZ85,1TQ4,0.199
Q9R0G6,3V2P,0.238
Q9R1E6,,
Q9R1M7,,
Q9R4E4,2GG6,0.15
Q9R9V9,,
Q9RA63,4LJ6,0.238
Q9RBQ1,6QW7,0.212
Q9RBY6,,
Q9RC92,2AHG,0.201
Q9RIK9,1OF4,0.2
Q9RME2,2BI3,0.184
Q9RMI1,5EW0,0.293
Q9RQJ2,4YTG,0.191
Q9RS96,5HX1,0.209
Q9RVK2,1SZ3,0.198
Q9RVU2,3GTX,0.259
Q9RW55,4H6R,0.235
Q9RY20,,
Q9RZA4,5MG0,0.223
Q9RZM4,5ZDB,0.208
Q9S3V1,5ZBD,0.192
Q9S5G5,2FPU,0.191
Q9S5Y7,1O61,0.18
Q9SD76,,
Q9SIY3,,
Q9SKE2,,
Q9SMT7,,
Q9SP37,,
Q9SPD4,,
Q9SQT8,2GPT,0.255
Q9SR05,5Y96,0.199
Q9SSM7,3OJI,0.255
Q9SSV1,1VCZ,0.224
Q9T0I8,2H8G,0.179
Q9T0N8,3KJM,0.237
Q9TTF5,3GHH,0.246
Q9TVW2,2AA0,0.214
Q9TY95,6X42,0.148
Q9U6Y3,4Q9X,0.256
Q9U6Y6,2A47,0.173
Q9U6Y8,1ZGP,0.242
Q9U9J6,3FE9,0.205
Q9UBB5,,
Q9UBF8,,
Q9UBK2,6KXX,0.271
Q9UBK8,,
Q9UBN7,,
Q9UBP6,,
Q9UBU7,6YA8,0.204
Q9UG22,,
Q9UGL1,6EIU,0.226
Q9UGM1,4D01,0.328
Q9UGN5,,
Q9UGP5,,
Q9UH03,4Z51,0.255
Q9UH17,6NFL,0.206
Q9UHI6,,
Q9UHP7,4QKG,0.256
Q9UI30,6H1E,0.239
Q9UI42,,
Q9UIF8,4RVR,0.26
Q9UIF9,6FI0,0.233
Q9UIJ7,6ZJB,0.284
Q9UJ71,,
Q9UJM8,2NZL,0.32
Q9UJQ4,7BQV,0.221
Q9UJY5,1UJK,0.215
Q9UKK9,,
Q9UKM7,5KIJ,0.227
Q9UKV8,3LUH,0.243
Q9ULV8,3VRO,0.189
Q9ULW0,6VPL,0.212
Q9UM73,5AAA,0.46
Q9UNA0,3HY7,0.198
Q9UNA4,,
Q9UNL4,,
Q9UNN8,1LQV,0.202
Q9UPN6,,
Q9UQB8,6BCR,0.246
Q9UQC2,6Y3S,0.221
Q9UR08,,
Q9UVX3,,
Q9UZ14,4RRR,0.252
Q9UZY0,,
Q9V1G0,,
Q9V228,,
Q9V3D4,1JNE,0.186
Q9VDH5,5EHM,0.226
Q9VI58,,
Q9VMC9,4E14,0.297
Q9VRD9,3PC2,0.184
Q9VWX8,5FYX,0.267
Q9W469,7CIV,0.232
Q9WFL7,4LL3,0.252
Q9WUL7,1FZQ,0.213
Q9WVG6,,
Q9WXN1,,
Q9WXQ8,,
Q9WYN2,,
Q9WYP6,,
Q9WYT0,1O2A,0.211
Q9WYT9,6RH8,0.41
Q9WYW0,2H59,0.299
Q9WZ62,7A99,0.217
Q9WZC3,,
Q9WZL1,7BR4,0.234
Q9WZU0,4A2B,0.201
Q9WZV7,6RH8,0.41
Q9WZX6,1M6Y,0.201
Q9WZY4,,
Q9WZY5,,
Q9X022,1VHD,0.174
Q9X024,3RSS,0.213
Q9X0V0,,
Q9X0Z6,5FF2,0.207
Q9X1H0,6L2D,0.173
Q9X1H4,6MAX,0.395
Q9X1T1,5O4Z,0.209
Q9X1X0,6X1Z,0.261
Q9X1X7,5F3D,0.253
Q9X265,6KIK,0.174
Q9X266,1JG8,0.181
Q9X273,,
Q9X2A5,2E54,0.154
Q9X519,,
Q9X5C9,3JYQ,0.212
Q9X6J6,1GTF,0.214
Q9X6P4,,
Q9X6V6,6I09,0.197
Q9X9P9,2OLO,0.189
Q9XAY4,7AFY,0.149
Q9XB24,6KA5,0.172
Q9XBQ3,,
Q9XEI3,3WLM,0.191
Q9XYQ1,1Z2N,0.187
Q9Y223,,
Q9Y233,5UWF,0.253
Q9Y251,5E8M,0.207
Q9Y253,5KFF,0.287
Q9Y259,,
Q9Y286,2DF3,0.263
Q9Y2J2,,
Q9Y2Q3,1YZX,0.171
Q9Y2T7,"7F3K, 7F3J",0.286
Q9Y2U5,6LDV,0.325
Q9Y2U9,,
Q9Y3Q0,3FEE,0.152
Q9Y3Y4,,
Q9Y3Z3,,
Q9Y468,,
Q9Y530,,
Q9Y5N5,6H1E,0.239
Q9Y5P4,5ZYH,0.262
Q9Y5S2,4UAK,0.212
Q9Y5W5,,
Q9Y5W9,4IKD,0.219
Q9Y5Y6,6T9T,0.245
Q9Y657,6I8B,0.265
Q9Y663,1T8T,0.213
Q9Y697,,
Q9Y6A2,3MDM,0.192
Q9Y6E0,4W8E,0.229
Q9Y6F1,4GV0,0.218
Q9Y6M4,2CHL,0.227
Q9Y6X5,4LR2,0.194
Q9Y7D0,,
Q9Y9B3,,
Q9Y9I9,2EPJ,0.149
Q9YBL2,,
Q9YFP5,,
Q9YFY3,4RRI,0.263
Q9YHT1,,
Q9YHT2,,
Q9YP46,3P9H,0.207
Q9Z2X8,6QME,0.282
Q9Z4P9,4D4C,0.208
Q9Z4X6,,
Q9Z8L4,4P3Z,0.234
Q9ZB17,1MMY,0.194
Q9ZBU1,,
Q9ZF13,2MAN,0.188
Q9ZGH3,1R6D,0.169
Q9ZGI2,2HFJ,0.217
Q9ZHG9,1ELQ,0.211
Q9ZII9,,
Q9ZLT0,2JFZ,0.215
Q9ZMY2,6DYU,0.185
Q9ZND7,5EIN,0.193
Q9ZTU2,3P9C,0.204
Q9ZVN4,,
R4GRT2,4CNQ,0.201
R4GRU5,,
R4I4P2,4OPS,0.223
R4JTF7,7BCN,0.193
R4NFR6,5L14,0.195
R7S7J5,6SR8,0.245
R9RYW2,,
S4S1V9,4B15,0.165
S4UY05,,
S5DM51,7AVO,0.197
S5TUM1,7E06,0.191
S8EY38,,
S8F6K2,,
T2B9G2,5ZUB,0.196
T2D1F5,,
U3KQA6,,
U3KRG0,4II0,0.235
V5RDR9,5KTA,0.247
V5TDY7,,
V5TER4,6ADU,0.23
V5VB82,6W6Z,0.246
V5VHN7,6T62,0.184
V5YAB1,5KR2,0.21
V5YM14,,
V6F235,3W62,0.303
V7II86,,
V9H1G0,5Z93,0.235
V9VEF3,,
W0TJ64,5ZRS,0.171
W7JP72,6KBF,0.242
W8QF82,,
W8VZW3,7CRT,0.415
X5DSL3,6IR1,0.248
X5DVD1,6LKG,0.217
X5I2D7,5H04,0.24
